職缺標題,公司名稱,職務類別,工作待遇,上班地點,工作內容,語文條件,擅長工具要求,工作技能,其他條件,職缺網址
資料工程師,CARMAX_車美仕股份有限公司,其他專案管理師、其他資訊專業人員、軟體專案管理師,42600,桃園市龜山區復興三路8號,"(1)數據資料維護，判斷資料問題並建立清整流程    
(2)數據資料擷取、轉換和載入(ETL)    
(3)依視覺化和前端需求建立資料供應機制    
(4)與PM合作，釐清客戶需求轉化為數據分析任務    
(5)針對分析結果進行統計論述、模型建構與調校         ","[{'Language': '英文', 'Listen': '中等', 'Speak': '中等', 'Read': '中等', 'Write': '中等'}]",不拘,專案成本╱品質╱風險管理、專案時間╱進度控管、專案規劃執行╱範圍管理、專案溝通╱整合管理,"● 熟悉 Python 或 R 程式語言
● 熟悉 SQL 語法
● 具備 Git 版控經驗尤佳
● 具備 Azure 平台使用經驗尤佳  
 ",https://www.104.com.tw/job/7quyg?jobsource=index_s
AI軟體工程師 (大溪),Inventec_英業達股份有限公司,AI工程師、資料工程師,40000,桃園市大溪區大溪區仁和路二段349號,"我們正在尋找對人工智慧充滿熱情並渴望在快速發展的技術領域中發揮影響力的AI軟體工程師。加入我們的團隊，您將有機會參與前沿技術的研發和應用，推動公司的技術創新與進步。

工作內容：
1. 參與並追蹤最新的AI技術，提出改進方案，持續導入新AI技術，提升系統和應用場景
2. 跨部門團隊合作，了解需求並轉化為AI解決方案
3. 參與AI平台的建置和維護
4. 參與AI應用的開發，開發符合需求的軟體功能","[{'Language': '英文', 'Listen': '中等', 'Speak': '中等', 'Read': '中等', 'Write': '中等'}]",Git、Python,AI、語言模型、提示工程、生成式AI、資料庫程式設計,"其他條件限制
1. 熟悉AI和ML相關技術，並具有生成式AI框架的使用經驗
2. 熟悉Python或其他相關程式語言
3. 具有深度學習模型的設計、訓練或部署經驗
4. 熟悉Git及相關工具的使用
5. 具備良好的團隊合作精神、溝通協調能力，以及解決問題的能力

加分：
1. 具有生成式AI實務開發經驗
2. 具有雲服務的規劃與部署經驗(Azure尤佳)
3. 具備創新思維",https://www.104.com.tw/job/8cnuk?jobsource=index_s
軟體工程師,台鎔科技材料股份有限公司,軟體工程師、資料工程師,40000,桃園市觀音區環科路216號,"-開發大數據系統資料處理平台
-IT相關設備管理維護及ERP維護
-主管交辦事項",不拘,Python、MS SQL、HTML、JavaScript,作業系統基本操作、軟體工程系統開發、軟體程式設計,,https://www.104.com.tw/job/84e2a?jobsource=index_s
"BI商業智慧數據分析師【無經驗最高可達40,000元】",敬鵬工業股份有限公司,系統分析師、資料工程師、數據分析師,37200,桃園市蘆竹區南山路二段5巷17號,"1.   BI 系統分析、維護、開發
2.   資料儀表板製作、戰情中心構建
3.   以資料工程師、系統分析師為職涯目標佳
4.   有Tableau 開發經驗，熟SQL者尤佳，基礎 Linux 系統
5.   具團隊合作、有責任感、溝通能力良好

**無經驗可**
1.   提供3-5年系統設計與工具學習教育訓練計畫，學習基礎開發能力並增強產業領域知識。
2.   後期目標成為資料分析專家
3.   對系統分析、系統規劃有興趣者歡迎您的加入


**職務介紹影音連結 : https://youtu.be/MmudRmfeq88 ","[{'Language': '英文', 'Listen': '略懂', 'Speak': '略懂', 'Read': '略懂', 'Write': '略懂'}]",Linux、ANSI SQL、MS SQL、MySQL、PL/SQL、PostgreSQL、Tableau、Power BI,不拘,未填寫,https://www.104.com.tw/job/870wk?jobsource=index_s
Java中高級開發工程師,奧奇盟科技有限公司,軟體工程師、後端工程師、資料工程師,40000,桃園市中壢區中央西路1段120號20樓之9,"1. 根據產品需求原型進行系統數據庫設計、詳細設計、基礎后台框架搭建等工作
2. 按照產品需求，開發規範，編寫項目核心代碼及業務接口代碼
3. 在按照需求完成編碼開發工作的前提下，進行单元測試，接口測試，保證接口訪問數據正確
4. 指導初級工程師的工作，解決他們所遇到的問題或者給予指導建議","[{'Language': '英文', 'Listen': '中等', 'Speak': '中等', 'Read': '精通', 'Write': '精通'}, {'Language': '中文', 'Listen': '精通', 'Speak': '精通', 'Read': '精通', 'Write': '精通'}]",Linux、C#、C++、Java、Spring、JavaScript、ssh,軟體工程系統開發、軟體程式設計,"1. 本科及大學以上學歷，資工相關專業，3年以上Java開發經驗
2. Java基礎紮實，理解io、多線程、集合等基礎框架，對JVM原理有一定的了解
3. 掌握Linux 操作系統的基本操作，能夠獨立安裝Java相關linux軟體環境，熟悉Mysql數據庫
4. 熟練SSM、SSH框架，熟練掌握springboot,springcloud框架，有實際項目的使用經驗
5. 熟悉redis、memcache等緩存技術，有實際的使用經驗",https://www.104.com.tw/job/87k4d?jobsource=index_s
(1)程式設計工程師 / 助理工程師,台灣表面黏著科技股份有限公司,MIS程式設計師、資料工程師、Internet程式設計師,42500,桃園市桃園區桃鶯路437號,"1. 協助 PM 規畫，進行系統分析、資料庫設計、程式撰寫、介接處理、上線與維運等。
2. 維護更新公司系統平台，進行舊專案維護、新技術研發、前後台設計、改善分享等。
3. 與各部門進行新需求分析、最佳方案建議、測試研發與實作等。。",不拘,不拘,不拘,"- 可運用開發工具 Visual Studio , 熟悉.Net相關應用程式
- 基本Web 應用程式開發能力
- 學習過關聯式資料庫結構及應用相關原理者佳
- 具備技術文件撰寫能力",https://www.104.com.tw/job/899vq?jobsource=index_s
數據分析工程師,中華汽車工業股份有限公司楊梅廠,助理工程師,27470,桃園市楊梅區秀才里秀才路618號,"1.庶務工作協助：庶務性文件處理，簡報功能熟悉。
2.支援技術團隊數據維護工作：透過Excel進行數據整理，供工程人員進行數據分析。
3.技術支援：協助簡易繪圖(CAD)、系統備份。
4.專案推動：資料蒐集、進度追蹤、文件管理。
5.溝通協調：良好的溝通技巧，協助組織運作。
6.技術學習：配合組織工作推動需求，進行新的技術級工具學習。","[{'Language': '英文', 'Listen': '中等', 'Speak': '中等', 'Read': '中等', 'Write': '中等'}, {'Language': '中文', 'Listen': '精通', 'Speak': '精通', 'Read': '精通', 'Write': '精通'}]",Excel、PowerPoint、Word、Catia,不拘,"1.對技術領域充滿熱情和興趣，願意不斷學習和探索新的技術和工具。
2.細心和耐心：細心、耐心解決問題技術細節並進行故障排除。
3.良好的團隊合作精神，共同完成任務和專案。
4.良好的口頭和書面溝通能力，能夠清晰地表達自己的想法和解決方案。
5.對工作有責任心，能夠積極承擔任務和完成工作。
6.熟悉Excel尤佳、簡易python語法尤佳。
7.熟悉日文尤佳",https://www.104.com.tw/job/8bgi3?jobsource=index_s
【工程研發】數據分析工程師(SD),日月光半導體製造股份有限公司中壢分公司,軟體工程師、其他資訊專業人員、系統分析師,40000,桃園市中壢區中華路一段550號,"1. 協助單位分析數據、建立模型、數據化解讀參數分析結果，並協同轉化成可執行方案，並追蹤方案成效。
2. 利用數據分析與儀表板設計軟體將分析的結果進行資料視覺化。
3. 專案管理。
4. 其他主管交辦事項。
5. 需熟識Python/HTML，並會建立Dashboard，熟識其他程式語言佳。","[{'Language': '英文', 'Listen': '中等', 'Speak': '中等', 'Read': '中等', 'Write': '中等'}]",Python、HTML,不拘, ,https://www.104.com.tw/job/8ak1o?jobsource=index_s
【智慧製造／大數據】生成式AI應用工程師,欣興電子股份有限公司,演算法工程師、系統分析師、軟體工程師,52500,桃園市龜山區山鶯路177號,"1. Generative AI foundation model建立
2. 將Gen. AI model應用於實際解決方案
3. 訓練與開發適用於智慧製造之模型
4. AI與智慧製造相關專案執行
5. 其他主管交辦事項

【加分項目】
◆ 熟悉生成式AI技術
◆ 熟悉機器學習、深度學習、自然語言處理技術 (NLP)
◆ 熟悉Graph DB知識與技術


#Python
#機器學習 Machine Learning
#大數據 Big Data","[{'Language': '英文', 'Listen': '中等', 'Speak': '中等', 'Read': '中等', 'Write': '中等'}]",Java、Python、MS SQL,不拘, ,https://www.104.com.tw/job/87g3w?jobsource=index_s
擴編 【資訊】數據分析師/工程師(儲備幹部)-TXC230013,台灣晶技股份有限公司,軟體工程師、MIS程式設計師、系統分析師,40000,桃園市平鎮區桃園市平鎮工業區工業六路4號,"1. 數據平台建置、管理、維運。
2. 定義數據收集與後續分析需求，建構所需要的資料處理流程並進行數據處理(清洗、ETL、標籤等)。
3. 依據數據處理與分析需求，建構數據模型，視實際情況調整並優化模型與流程。 
4. 數據工程 API 程式撰寫。 
5. 數據工程的自動化、監控、與維運模組開發。",不拘,Python,不拘,未填寫,https://www.104.com.tw/job/81jru?jobsource=index_s
軟體工程師,宅急網股份有限公司,軟體工程師、全端工程師、數據分析師,40000,桃園市桃園區明德里中正路1221號2樓,"如果你厭倦一成不變的工作內容，在本公司可以盡情發揮你的創意，嘗試新事物。
見紅就休，可彈性排假，方便你自行安排個人旅遊、家庭規劃時間。

本公司『基層人員平均年薪超過百萬』，每年固定調薪(去年平均調薪10%)，只要你有能力表現好，專案有賺錢，秉持著共同創業平台精神，賺錢一起分!!!!!

任職滿一年表現良好全額補助每年國外旅遊(土耳其、泰國、澳洲、日韓等....)。

此職位必須對股票及程式有熱忱，如果你對這個職位感興趣，並且符合我們的要求，請不要猶豫，立即投遞你的履歷！期待你的加入！

【工作內容】
1. 維護現有站台
2. 撰寫爬蟲程式抓取股市相關資訊
3. 資料庫數據異常排查處理，保證數據準確性
4. 數據資料分析
5. 制定交易策略，設計選股模型並回測其可靠度，建立自動化程式交易系統

【必備條件】
1. 熟悉Python及MySQL資料庫操作
2. 對學習程式有極度熱誠，注重撰寫品質
3. 具備邏輯思考能力，能清楚表述問題
4. 主動學習相關技術

【加分條件】
1. 具備串接第三方API的能力
2. 有股票買賣經驗，研究股票投資，具備股票分析的知識
3. 具有全端工程師相關技能（前端和後端都有機會學習到）

【薪資待遇】
1. 依個人工作經驗提供具競爭力的薪資，通過試用後每月再提供3千元伙食津貼
2. 任職第二年起，根據個人貢獻的獲利給予分紅

本公司已成立22年，公司淨利年年創新高，讓員工在公司能有安身立命之地，照顧員工生活福祉。",不拘,Git、Python、MySQL、JavaScript,問題追蹤處理(Bug tracking)、軟體程式設計、資料庫系統管理維護、資料庫程式設計,履歷請務必附上照片、自傳、及相關經驗說明,https://www.104.com.tw/job/8c2uy?jobsource=index_s
【工業4.0／智慧製造】智能大數據整合工程師 (Python),欣興電子股份有限公司,演算法工程師、系統分析師、軟體工程師,51000,桃園市龜山區山鶯路177號,"1. 各項製程良率報表開發以及圖表繪製分析
2. 分析集團機台生產數據並建置分析模型，提供工廠營運改善建議
3. 負責集團大數據資料挖掘與整併、資料預處理、探勘、分析、管理與資料運算
4. 具Python程式撰寫能力，熟悉Django網站框架架構者佳
5. 熟悉資料分析技術(General statistics, Data mining, Machine learning, Deep learning等)者佳
6. 熟悉統計分析及模型建置者佳

【加分項目】
具SQL 程式能力者優

#Python
#機器學習 Machine Learning
#大數據 Big Data","[{'Language': '英文', 'Listen': '中等', 'Speak': '中等', 'Read': '中等', 'Write': '中等'}]",Java、Python、MS SQL,不拘,"1. 熟悉統計分析及模型的建立
2. 具大數據分析、機器學習演算法及Python機器學習框架(ex: scikit-learn)者尤佳
3. 具自動控制相關經驗佳
4. 具Python程式撰寫能力，若仍有Java、SQL程式撰寫能力者尤佳
5. 熟悉資料結構與關聯庫存取SQL者尤佳
6. 歡迎緯育TibaMe學員投遞履歷！",https://www.104.com.tw/job/77jj5?jobsource=index_s
智慧製造工程師,亞東石化股份有限公司,生產技術／製程工程師、AI工程師、數據分析師,40000,桃園市觀音區工業七路2號,"我們正在尋找一位創新且充滿活力的智慧製造工程師加入團隊，該職位將透過先進技術、數據分析和智慧解決方案優化生產流程，並對於提升製造效率和敏捷性做出貢獻。

職務內容如下
1. 智慧系統的建置：開發和實施先進製造技術，包括物聯網、人工智慧和機器學習系統，以提高生產效率和靈活性。 
2. 流程優化： 分析目前的製造流程和工作流程，以確定需要改進的領域，並優化生產程序，從而提高效率並降低成本。 
3. 數據分析： 利用大數據和分析工具來監控製造績效、預測維護需求並確保品質控制。 
4. 專案管理： 領導和管理智慧製造計劃的項目，與生產、維護和安全環保等團隊密切合作，以達成預設目標。 
5. 培訓與發展： 對同仁進行新製造技術和流程的訓練，以確保整個團隊的思維能跟上趨勢。 
6. 主管交辦事項。","[{'Language': '英文', 'Listen': '中等', 'Speak': '中等', 'Read': '中等', 'Write': '中等'}]",不拘,專案規劃執行╱範圍管理、專案溝通╱整合管理、數據分析、人工智慧、演算法設計,"1.具備智慧製造系統、物聯網設備、機器人和自動化方面的經驗者佳。 
2.能活用數據分析工具和方法。 
3.較強的解決問題的能力和分析思考的能力。 
4.優秀的溝通和團隊合作能力。 
5.具備專案管理經驗者佳。 ",https://www.104.com.tw/job/8d1o6?jobsource=index_s
Quality Engineering_SPC Manager,台灣美光(台灣美光晶圓科技股份有限公司/台灣美光記憶體股份有限公司/美商美光亞太科技股份有限公司台灣分公司),品管／品保工程師、品管／品保主管、資料工程師,40000,桃園市龜山區復興三路667號(以上為台灣美光晶圓科技公司地址，台灣美光各公司地址請參考相關連結),"*Please do apply on Micron Career through below link 請務必至美光職缺網站應徵:
https://micron.wd1.myworkdayjobs.com/External/job/Taoyuan---Fab-11-Taiwan/OMT-SPC-Manager_JR42921-1


Job Description
As an SPC Manger, you are responsible for the effectiveness and efficiency of the SPC program. This includes collaborating with Process Engineering, Process Integration, RDA, and Probe departments to ensure they are adhering to the Micron Quality Standards for Statistical Process Control. Additionally, you are responsible for prioritizing inline parameters that need engineering attention, sourcing variation contributors on critical parameters, providing internal customers with SPC performance metrics, and providing CpK metrics to Micron Corporate to be shared with external customers for review. Implementing SPC Business Process and Best Known Methods.

Responsibilities and Tasks:
1. Establish And Improve Process Condition And Technology.
2. Upgrade Process Capability And Reduce Production Cost.
3. Establish And Modify Process Management Projects.
4. Set Up Process Parameters For A Variety Of Semiconductor Equipment.
5. Evaluation, Promotion And Planning Of New Equipment / Materials.
6. Abnormal Analysis And Improvement.","[{'Language': '英文', 'Listen': '中等', 'Speak': '中等', 'Read': '中等', 'Write': '中等'}]",不拘,不拘, ,https://www.104.com.tw/job/89lxv?jobsource=index_s
【桃園林口/龜山】半導體商 IT Data Solutions Specialist，周休二日常日班 (KTS_1226),藝珂人事顧問股份有限公司,系統工程師、數據分析師、其他資訊專業人員,47500,桃園市龜山區,"• Develop and implement solutions using Microsoft Power Platform, Excel VBA and Access
• Collaborate with stakeholders to gather requirements and provide technical solutions
• Translate business requirements into well-architected solutions using Microsoft Power Platform, Excel VBA and Access
• Stay up to date with the latest Power Platform features and trends
• Provide technical insights and guidance to management teams throughout the software development lifecycle.
• Conduct workshops, presentations, and demonstrations to showcase the capabilities and benefits of low-code platforms to teammates and internal stakeholders.","[{'Language': '英文', 'Listen': '中等', 'Speak': '中等', 'Read': '中等', 'Write': '中等'}]",VBA、Access、Microsoft SharePoint、Power BI,不拘,未填寫,https://www.104.com.tw/job/87spg?jobsource=index_s
網路行銷專員,旭立科技股份有限公司,數據分析師、資料工程師、網站行銷企劃,36500,桃園市八德區,"1.簡單圖片製作。
2.Google及中國百度投放廣告及各國流量成效追蹤。
3.網路行銷廣告公司經驗。
4.具報表統計及分析等能力。
5.執行各項網路行銷活動，如電子報、社群媒體、廣告投放等。
6.使用GA觀察各數值並進行優化。
7.SEO優化相關經驗。
8.對網站流量進行數據監控和數據統計，分析頁面流量轉化數據和用戶行為提出改善建議。
9.與其他部門合作，協助推動公司品牌行銷。
10.對行業熱點和趨勢進行分析，研究、監控同行競爭對手優化手段進行分析。
11.主動研究搜尋引擎變化，即時提出調整方案。
12.具備中英文網站SEO排名優化工作經驗，計劃並執行SEO優化策略。
13.負責SEM投放，需熟悉GoogleSEM投放與監督。
14.網購平台操作(AMAZON、阿里巴巴)。
15.主管交辦事項。","[{'Language': '英文', 'Listen': '中等', 'Speak': '略懂', 'Read': '中等', 'Write': '中等'}]",Excel、Outlook、PowerPoint、Word、中文打字50~75、英文打字50~75、Google Analytics、SEO,品牌行銷管理、網站企劃能力、網路活動規劃與執行、數位媒體行銷、內容行銷、行銷宣傳預算編製與控管、行銷策略擬定、品牌知名度推廣、社群媒體經營管理、產品生命週期、網站流量成效追蹤、市場趨勢分析、數據分析、廣告效益評估、廣告投放、報表開發,"1.具電子業經驗，散熱、導熱領域尤佳。
2.具備Google Analytics證照尤佳。
3.具高度抗壓性、細心積極、EQ好。
4.溝通及表達能力佳。",https://www.104.com.tw/job/8bsn6?jobsource=index_s
電子設計資深工程師_企業及數據中心網路產品部(桃二),台達電子工業股份有限公司 _DELTA ELECTRONICS INC.,硬體研發工程師、電子工程師,40000,桃園市龜山區山鶯路252號,"1. 負責網通 Ethernet Switch/PoE Switch產品硬體設計開發與量產導入 
2. 協助電路圖繪製、review產品layout 
3. 硬體產品測試、功能驗證. 包含:Signal integrity量測、DC/DC 電源系統量測
4. 協助工廠解決生產問題
5. 協助QE解決產品問題分析 

按讚並追蹤""台達Delta Career""FB粉絲專頁，讓您更快掌握台達職缺脈動！
https://www.facebook.com/deltacareer

想知道電子設計工程師的一天嗎? 
給我三分鐘，讓你一窺台達EE的一天 
影片傳送門在此:： 
https://www.youtube.com/watch?v=b33Lrotur1w ","[{'Language': '英文', 'Listen': '中等', 'Speak': '中等', 'Read': '中等', 'Write': '中等'}]",Cadence Allegro、OrCAD,硬體工程技術開發、硬體系統研發設計、電子電路設計,具有網通廠研發相關經驗者佳,https://www.104.com.tw/job/88f7e?jobsource=index_s
商業智慧分析人才,中華汽車工業股份有限公司楊梅廠,軟體工程師、數據分析師、系統分析師,40000,桃園市楊梅區秀才里秀才路618號,"1.BI數據再生、洞悉與提供報告
2.BI數據中台管理與甄選管理工具
3.利用AI/ML分析工具或Coding，進行各項成本與效益分析
4.定期追蹤汽車相關產業在大數據及AI應用發展動向與提供分析報告
5.專案管理與成效評估；完成主管交辦事項與團隊協作任務執行",不拘,Python、MySQL、Power BI,不拘, ,https://www.104.com.tw/job/89pq5?jobsource=index_s
AI Back-end Engineer AI演算法開發工程師,智穎智能股份有限公司,演算法工程師、資料科學家、資料工程師,40000,桃園市中壢區新中北路499號,"【工作內容】
1. 以內部團隊既有的產品服務透過與客戶客戶需求開發開發客製化的AI/機器學習演算法，並以實際數據進行離線驗證
2. 將演算法封裝成docker，與服務系統後端串接
3. 協助前、後端人員在系統整合完成後進行模擬測試與撰寫文件。

【需求背景】
1. 學、碩士以上學歷，專業背景需涵蓋計算機科學、數據科學、軟體工程或相關領域。
2. 邏輯清晰、具備跨域溝通、團隊合作的能力。
3. 能從資料中觀察、分析並利用合宜的方式進行推論、尋找洞見、機會點，自行有開發想法創意者優先
4. 熱愛解決問題，擁抱多元的問題種類與使用情境: 從定義問題、架構問題到設計及打造以數據為基礎的解決方案，重視落地及價值傳遞
5. 能獨立進行數據分析應用、資料科學等相關技術研究(包含但不限於統計、機器學習、深度學習等)，分享研究成果並利用Python等程式實作以解決實際問題。

【加分條件】
1. 具備製造業工作經驗，且於工作中有使用過AI/資料科學/機器學習做技術研究或創新發展。
2. 熟悉塑膠製造市場與作業程序。

如有相關作品、專案等請檢附於履歷作品集中，我們期待與你更進一步地認識。",不拘,Git、Python、tensorflow、JavaScript,軟體工程系統開發、機器學習、深度學習、AI,未填寫,https://www.104.com.tw/job/8bzh7?jobsource=index_s
【數字雲端】 可靠度驗證主任工程師,數字雲端有限公司,硬體測試工程師、軟韌體測試工程師、測試人員,40000,桃園市大園區航翔路101號,"1. 負責建立可靠度測試模型，管理外部實驗室按照時程完成產品可靠度驗證，包含溫濕度儲存之高加速試驗和結構振動衝擊實驗。
2. 負責訂定測試計劃並撰寫測試報告，對產品問題追蹤、分析及改善
3. 相關國際法規的研讀與了解
4. 與客戶討論並確定相關測試要求
5. 開發與產品有關之可靠度驗證技術 
6. 熟悉伺服器硬體相關架構
7. 熟悉伺服器硬體測試與國際法規(IEC/ISO/ISTA/NEBS)
8. 具整合與溝通協調能力","[{'Language': '英文', 'Listen': '中等', 'Speak': '中等', 'Read': '中等', 'Write': '中等'}]",不拘,問題追蹤處理(Bug tracking)、測試環境建置規劃、測試計劃及測試報告書撰寫,"1.有測試自動化開發經驗尤佳,
2.有可靠度數據統計分析經驗尤佳
3.有可靠度工程師證書尤佳",https://www.104.com.tw/job/85p4x?jobsource=index_s
系統開發工程師,台灣松下電材股份有限公司,通訊軟體工程師、軟體工程師、韌體工程師,40000,桃園市大溪區信義路228號(33554),"【工作待遇】若具經驗者薪資可談(固定或變動薪資因個人資歷而異)

【工作內容】
  IoT(物聯網)關連系統規劃、設備開發應用及運用管理

【專業技能】
   1)必要：①利用雲端系統(AWS /Azure)規劃IoT之開發經驗
                   ②APP設計開發及管理經驗
                   ③系統設計經驗
                   

 2)尤佳：①資訊安全相關經驗
                 ②擔任專案(項目)負責人經驗
                 ③軔體工程師經驗
                 ④物聯網相關經驗
                 ⑤大數據經驗
                 ","[{'Language': '英文', 'Listen': '略懂', 'Speak': '略懂', 'Read': '略懂', 'Write': '略懂'}, {'Language': '日文', 'Listen': '略懂', 'Speak': '略懂', 'Read': '略懂', 'Write': '略懂'}]",IoT、AWS、Excel、PowerPoint、Word,不拘,未填寫,https://www.104.com.tw/job/8cyoe?jobsource=index_s
【製程技術開發處】製程助理工程師,輝能科技股份有限公司,材料研發人員、可靠度工程師、測試人員,40000,桃園市中壢區自強七路6-1號,"1. 協助工程師設備機台的操作
2. 協助EDR實驗的執行及相關數據收集
3. 測試樣品的量測及數據整理(2.5D)尺寸量測、厚度量測等)
4. 實驗品可靠度送測相關作業","[{'Language': '英文', 'Listen': '中等', 'Speak': '中等', 'Read': '中等', 'Write': '中等'}]",Excel、Outlook、PowerPoint、Word,不拘,"1.設備操作問題之確認與解決能力
2.製程異常基本問題判斷及處理能力
3.執行能力
4.對新設備能積極學習作業方式
5.熱忱、具責任感、主動積極",https://www.104.com.tw/job/7kg1f?jobsource=index_s
研發韌體助理工程師,僑威科技股份有限公司,韌體工程師、助理工程師、電子工程師,40500,桃園市桃園區幸福路208號13樓,"1. 熟悉C/C++語言撰寫
2. 協助工程師做程式成果確認，製作實驗數據報告
3. 協助工程師分析/追蹤韌體應用於硬體的狀況
4. 協助工程師分派/製作量產用程式給工廠
5. 協助製作計算書並歸納整理於其他硬體工程師參考
6. 應新的產品需求將MCU導入前的規劃與布局
7. 等主管交辦事項","[{'Language': '英文', 'Listen': '略懂', 'Speak': '略懂', 'Read': '略懂', 'Write': '略懂'}]",Git、C、C++、Math,不拘,"多益500分以上
1. 對電子.韌體.程式等有興趣者
2. 對ATX power 有興趣者",https://www.104.com.tw/job/81gxd?jobsource=index_s
繪圖工程師,盧森堡商濂達科技股份有限公司台灣分公司,電腦繪圖人員、CAD／CAM工程師、機械設計工程師,40000,桃園市楊梅區幼獅工業區高青路28巷3號,"濂達科技隸屬於美國上市公司Enpro集團(https://www.enproindustries.com)旗下，主要營業項目為先進製程半導體設備零件清洗，並擁有自己的實驗室。除台灣廠區外，並陸續於美國設置新廠，版圖拓展全球。

公司營業成長，新增【繪圖工程師】職缺，需要優秀的人才加入與我們一同成長，共創佳績。職務說明如下：

1.繪製/修改工程設計圖、治具圖。
2.檢視工程設計圖、治具圖及相關資料，進行必要修正，以符合設計概念。
3.管理治具設計圖及相關文件彙整。
4.輸入數據資料。
5.操作量測儀器。
6.其他主管交辦事項。","[{'Language': '英文', 'Listen': '略懂', 'Speak': '略懂', 'Read': '略懂', 'Write': '略懂'}]",3ds Max、AutoCAD、AutoCad 2D、AutoCad 3D、Unigraphics、Inventor,繪製2D／3D模具設計圖、電腦繪圖軟體操作、繪圖工具與軟體操作,熟悉CAD/Inventor佳,https://www.104.com.tw/job/8aovf?jobsource=index_s
研發作業員_常日班,英屬開曼群島商宸大科技股份有限公司台灣分公司,品管／檢驗人員、測試人員、工程助理,29500,桃園市龜山區(依照公司規定分派),"工作性質：

需與研發工程師溝通作業方法。
打樣多為新產品，需靈活處理不同的作業流程。

工作內容：

3D列印新產品打樣作業。
3D列印新產品檢驗測試。
實驗機台、設備與器具清潔。
協助3D列印材料實驗測試。
實驗測試數據資料紀錄與蒐集。
實驗室環境整潔維持。

常日班：08:30~17:30 (中間休息1小時)",不拘,不拘,不拘,未填寫,https://www.104.com.tw/job/7gyk7?jobsource=index_s
Python 開發工程師,雲育鏈股份有限公司,軟體工程師、其他資訊專業人員、軟體專案主管,40000,桃園市中壢區明德路60號5樓,"雲育鏈成立至今 4 年，致力於為台灣企業、金控提供有效雲端數位轉型方案，培訓了破千位的雲端、軟體人才，為台灣創造更多新型態企業與就業機會。
雲育鏈提供 AWS、GCP 雲端課程，並協助企業上雲。
合作的廠商包含金融產業、系統、遊戲、電信大廠等，提供內訓課程也提供一般標準化的課程。

【工作內容】
設計和開發 Python 應用程式：Python 開發工程師的主要職責是設計和開發 Python 應用程式，包括 Web 應用程式、數據分析應用程式、機器學習應用程式等。
編寫高品質的程式碼：Python 開發工程師需要編寫高品質、易於維護的程式碼，並且了解程式碼編寫的最佳實踐和設計模式。
測試和調試程式碼：Python 開發工程師需要測試和調試程式碼，並且使用相應的測試框架和工具進行自動化測試。
整合第三方庫和 API：Python 開發工程師需要整合第三方庫和 API，以擴展 Python 的功能和特性，提高開發效率。
數據分析和機器學習：Python 是數據分析和機器學習領域的重要語言，Python 開發工程師需要了解這些領域的基礎知識和相關工具，並且能夠應用這些知識開發相應的應用程式。
敏捷開發方法論：Python 開發工程師需要了解敏捷開發方法論和相應的工具，如 Scrum、Kanban 等，以實現項目快速迭代和交付。
團隊協作能力：Python 開發工程師需要具備良好的團隊協作能力，能夠與其他開發人員、項目經理和客戶進行有效的溝通和協調，共同完成項目的開發和交付。",不拘,Linux、Java、Python、AWS,軟體工程系統開發、軟體程式設計、網路程式設計、資料庫系統管理維護、資料庫程式設計,"1. Python 編程能力：Python 工程師需要熟悉 Python 語言的基礎語法、標準庫和常用的第三方庫，能夠使用 Python 編程開發各種類型的應用程式。
2. Web 開發：Python 是 Web 開發的重要語言之一，Python 工程師需要了解 Web 開發相關的知識，包括 Web 框架、HTTP 協議、前端開發等。
3. 數據分析和機器學習：Python 是數據分析和機器學習領域的重要語言之一，Python 工程師需要了解數據分析和機器學習的基礎知識和相關庫，如 NumPy、Pandas、Scikit-learn 等。
4. 敏捷開發方法論：Python 工程師需要了解敏捷開發方法論和相應的工具，如 Scrum、Kanban 等，以實現項目快速迭代和交付。
5. 資料庫：Python 工程師需要了解資料庫相關的知識，如 SQL 語言、關係型資料庫、NoSQL 資料庫等。
6. Linux/Unix 系統管理：Python 工程師需要了解 Linux/Unix 系統的基本操作和管理，能夠在 Linux/Unix 系統上部署和運行 Python 應用程式。
7. 基本的數學和統計學知識：Python 工程師需要了解基本的數學和統計學知識，以應用於數據分析和機器學習等領域。",https://www.104.com.tw/job/7x9x6?jobsource=index_s
前端工程師 -歡迎應屆畢業生及社會新鮮人(新屋廠),鉅祥企業股份有限公司,其他資訊專業人員、系統工程師、營運管理師／系統整合／ERP專案師,36000,桃園市新屋區九斗里九洲路1號,"1.負責前端應用程序的開發和維護。
2.與後端工程師密切合作，串接與整合後端資料，確保系統運作。
3.開發與後端串接的API，並處理和解析從後端返回的數據。
4.確保前端應用程序的運行，優化前端代碼和性能。",不拘,HTML、JavaScript、CSS,系統整合分析、資料庫軟體應用、系統架構規劃與維護,"1.無經驗者可培訓。
2.具基本程式概念者佳。",https://www.104.com.tw/job/84lb3?jobsource=index_s
遊戲後端工程師,香港商天宏軟體製作有限公司台灣分公司,後端工程師、電玩程式設計師、軟體工程師,105000,桃園市桃園區同德六街89號4樓之A,"遊戲後端軟體工程師
︙工作內容︙
⑴ 依企畫內容,規劃資料存取架構及模組設計撰寫
⑵ 撰寫遊戲邏輯, API ,測試與修改程式
⑶ 規劃、執行與維護量產的應用數據。 協助研發軟體新技術與新工具
⑷ 具溝通協調能力，能與前端工程師、壓測工程師相互配合，團隊合作
⑸ 具危機處理能力，能配合on call處理線上故障

︙必要條件︙
⑴ 熟悉任一種後端語言 (我們使用Golang, C#, C/C++,Nodejs,Java...) 3年以上開發經驗
⑵ 有使用資料庫系統相關經驗 (MySQL,MariaDB)
⑶ 熟Socket,Websocket,http 連線相關知識
⑷ 具Multi-thread開發經驗並有高乘載量架構維護經驗
⑸ 熟悉Git版本控制 
⑹ 能獨立設計架構解決企畫或實務需要相關需求
⑺ 開發API 服務，提供前端和APP進行平台界接及整合, 協同合作串接 Restful API
⑻ 管控軟體開發成本

︙加分條件︙
⑴ 熟HTML5、JavaScript、CSS 設計網頁經驗
⑵ 熟 Linux系統操作
⑶ 熟 Docker、K8S容器微服務等
⑷ 具實際遊戲專案開發3年以上經驗",不拘,Git、C#、C++、Java、Go、Node.js,軟體程式設計,未填寫,https://www.104.com.tw/job/82p3i?jobsource=index_s
品保高級/資深工程師(QE),祥儀企業股份有限公司,品管／品保工程師、生產技術／製程工程師,35000,桃園市桃園區桃鶯路461號,"1.異常分析製程檢驗技術設定與提升改善，8D改善報告回復客戶
2.協助工程師處理客戶抱怨，內部分析處理，對策執行追蹤及有效驗證
3.CPK數據分析處理與使用PDCA改善迴圈改善品質。
4.其他主管交辦事項",不拘,不拘,不拘,"1.具工程圖視圖能力
2.基本檢驗量具使用
3.具TQM改善能力者佳
4.具IATF16949外訓證書
5.具ISO9001或IATF16949主導稽核員者佳",https://www.104.com.tw/job/6pjox?jobsource=index_s
品保工程師 - Quality Assurance Engineer,達翌有限公司,機械設計工程師、品管／檢驗人員、機械工程師,50000,桃園市龍潭區,"職位名稱：品質檢測工程師

概述：
我們正在尋找一位細心且注重細節的品質檢測工程師加入我們的團隊。理想的候選人將具備在壓鑄、CNC和其他製造過程中的品質保證方法方面的專業知識。此角色涉及通過全面的檢查程序確保產品符合質量標準，利用高級工具和技術，如8D報告、PPAP和CMM。

責任：
- 在生產的各個階段進行產品的全面檢查，包括原材料、在製件和成品。
- 利用對壓鑄、CNC和其他製造過程的知識，識別潛在的質量問題和與規格的偏差。
- 根據行業標準和公司要求實施和維護質量控制程序。
- 使用卡尺、微量計、測量儀等精密測量工具進行尺寸和視覺檢查。
- 使用8D報告方法進行非符合產品的根本原因分析和糾正措施。
- 與生產團隊合作解決質量問題，實施流程改進。
- 為新產品推出和流程變更生成PPAP文件。
- 操作坐標測量機（CMM）驗證尺寸精度，確保符合設計規範。
- 準確記錄檢查結果，包括詳細的報告和發現的文檔。
- 向生產人員提供關於質量標準、檢查技術和最佳實踐的培訓和支持。

要求：
- 機械工程、工業工程或相關領域的學士學位。
- 在製造環境中從事品質保證或檢測角色的經驗，具有壓鑄、CNC或類似工藝的具體知識。
- 精通8D問題解決方法，具有根本原因分析技術經驗。
- 熟悉PPAP要求，能夠生成全面的文檔。
- 熟練使用各種檢測工具和設備，包括CMM。
- 具有強大的分析能力和細心的注意力，能夠有效識別和解決質量問題。
- 出色的溝通和團隊合作能力，能夠跨部門合作並清晰地傳達技術信息。
- 熟悉質量管理系統（如ISO 9001）和質量保證標準。
- 能夠閱讀和理解2D和3D CAD圖紙，理解幾何尺寸和公差（GD&T）原則。
- 熟練使用Microsoft Excel和其他相關軟件程序來構建全面的檢查報告和分析數據。
- 能夠在最少監督下獨立工作，同時也能夠為團隊合作做出貢獻。

這份描述突出了在品質檢查過程中熟練使用各種檢測工具的重要性，包括用於尺寸檢測、表面光澤評估和油漆測試的工具。","[{'Language': '英文', 'Listen': '精通', 'Speak': '中等', 'Read': '精通', 'Write': '中等'}]",AutoCAD、SolidWorks,制訂新產品檢驗標準、原料及產品品質管制監控、新產品與進出貨檢驗、供應商原物料異常分析處理、電腦輔助設計軟體操作,未填寫,https://www.104.com.tw/job/7yw5a?jobsource=index_s
助理工程師,璦司柏電子股份有限公司,助理工程師、工程助理,36000,桃園市龜山區南上路526號(南崁交流道下，車行10分鐘),"1.協助工程師排除製程問題
2.收集和記錄試驗數據 
3.協助新產品開發及導入 
4.主管交辦事項",不拘,Excel、Outlook、PowerPoint、Word,不拘,未填寫,https://www.104.com.tw/job/68wwu?jobsource=index_s
AI與資料庫程式開發工程師,百一電子股份有限公司,資料工程師,40000,桃園市中壢區自強一路3號,"1.根據需求來設計、撰寫關連式資料庫。
2.協助串接資料庫與前、後台應用程式。
3.主要開發環境是Linux作業系統之嵌入式平台。
4.協助關於AI開發的資料分析、整理與訓練。
5.資料庫與大型語言模型（LLM）的整合應用","[{'Language': '英文', 'Listen': '中等', 'Speak': '中等', 'Read': '中等', 'Write': '中等'}]",Linux、Shell、C、Python、MySQL、PostgreSQL,不拘,"1.熟悉至少一種關連式資料庫軟體(如MySQL/PostgreSQL/MariDB等)，且會使用預存程序。
2.有在Linux作業系統上工作之經驗。
3.有Python程式、shell script與C程式經驗為佳。
4.具備2年以上程式開發經驗為佳。
5.能夠與前端UI與後端CGI程式開發人員有效合作。
6.具備AI開發經驗（如Prompt engineering、PyTorch、Transformers）或知識尤佳",https://www.104.com.tw/job/842qk?jobsource=index_s
【美商3M】售後服務工程師 (Solventum Health Care Dept.),傳揚行銷廣告股份有限公司,產品售後技術服務、產品維修人員,62500,桃園市中壢區,"我們代　美商3M (Solventum) 代聘售後服務工程師！
主要負責解決客戶在使用公司產品過程中遇到的設備故障問題，確保客戶滿意度。

【主要工作內容】
◆故障排查與修復
及時響應客戶的技術支持請求，通過電話、郵件的方式，對設備進行故障排查和修復，確保設備正常運行。

◆技術支持與維護
負責公司設備的安裝、調試及售後服務工作，確保設備正常運行。

◆故障處理
處理客戶產品方面的維修問題，及時向客戶反饋結果，並定期回訪以確保客戶滿意度。

◆應急響應
具備應對和處理突發事件的能力，即時解決客戶面臨的技術問題。

◆客戶問題處理
指導客戶正確操作和保養設備，解決常見問題，並介紹相關知識。
收集整理客戶的反饋信息，以便不斷改進產品和服務。

◆服務記錄與報告
詳細記錄服務過程，包括故障現象、處理方法和結果，定期提交服務報告，為公司的服務管理和產品改進提供數據支持。

◆配件管理與庫存
負責售後服務所需配件的申購、庫存管理和調配，確保配件供應及時，滿足維修需求。

◆質量控制：參與產品質量管理，確保售後服務的質量和效率。

【2024年需在台北南港上班，2025年起在中壢上班】","[{'Language': '英文', 'Listen': '中等', 'Speak': '中等', 'Read': '中等', 'Write': '中等'}]",不拘,機械產品故障排除檢修、改善設備問題及功能提昇,"1. 相關學科大學本科以上學歷佳。
2. 三年以上售後服務、維修or相關技術領域的工作經驗，熟悉產品維修流程和技術規範。有醫療器械公司背景優先面試。
3.具備良好的英語聽說讀寫能力。
4. 具備良好的客戶溝通和問題解決能力。
5.工作態度積極主動，責任心強，能夠承受一定的工作壓力，具備良好的團隊合作精神。",https://www.104.com.tw/job/8a7f3?jobsource=index_s
助理工程師,埃爾思科技股份有限公司,助理工程師、工程助理,35000,桃園市蘆竹區民權路50號,"1. 進行設備機台操作。
2. 協助工程師完成關於操作方法、設備裝設等的修正方案，以增加產量或改善流程。
3. 協助工程師研究生產、操作相關的時間、行動、方法，以建立標準生產率與改進效能。
4. 進行產品數據之記錄與量測，以確認或顯示與現有標準之間的差異。
5. 完成主管交辦事項。",不拘,不拘,不拘,理工科系佳，其它科系欲轉職科技業者亦歡迎,https://www.104.com.tw/job/8bcok?jobsource=index_s
駐點開發工程師(桃機專案)-智慧交通領域(IAD20),資拓宏宇國際股份有限公司,資料工程師、資料科學家、軟體工程師,40000,桃園市大園區航站南路9號 (距捷運機場第二航廈站約40公尺),"1.配合客戶及專案核可之需求，進行商業智慧報表、ETL轉置程式或其他應用程式調整。
2.協助遠端作業同仁進行Power BI 報表或其他應用程式佈版。
3.緊急處理系統異常問題，現場進行問題排除或系統程式緊急調整。
4.協助應用系統例行檢查，包括Power BI 報表資料更新、ETL工作執行狀態。
5.協助作業系統更新。

工作技能
1.具備Java或其他程式語言開發技能。
2.具備PowerBI報表開發經驗者佳。
3.具備ETL相關工具使用經驗者佳。
4.熟悉Windows、Linux等作業系統。
5.熟悉SQL Server語法。

※配合專案需求駐點(桃園機場)",不拘,Linux、Java、ETL、MS SQL、MySQL、Power BI,不拘,"1.個性主動積極、肯學習使用各種應用系統。
2.可配合團隊值班及客戶端駐點(桃園機場)。",https://www.104.com.tw/job/86gxk?jobsource=index_s
【楊梅】Product Manager 產品經理,艾立運能股份有限公司,產品管理師、產品企劃、其他專案管理師,40000,桃園市楊梅區,"| About the role |

艾立運能是一間科技賦能的物流運輸公司。我們成員來自各大軟體科技公司，希望用技術去挑戰傳統的物流行業。在這裡，我們用軟體產品規劃的方式去設計運輸服務，我們沒有包袱，反而有需多機會去嘗試過去物流公司不敢碰觸，或是一般新創沒有資源挑戰的問題。

| What we are doing |

艾立運能提供了一個 B2B 運能調度平台，我們與各地的中小運輸商合作，除了給予免費的系統使用以外，我們也將接到的運輸需求做最妥善的調配，幫助運輸商能最大化車隊的利用率。而對於貨主，艾立運能提供的是一致流暢的運輸體驗，貨態追蹤不僅即時也能做到跨車行追蹤，不會斷在層層轉包的運輸系統內。

| What you will do |

▸ 從使用者及商業的視角去驗證假設，並將假設落地成可執行的計畫
    ▸ 與研究員一起進行訪談，並分析使用數據後，找出優化產品的方式
    ▸ 與業務拜訪客戶或是合作夥伴，了解產業趨勢及客戶需求
    ▸ 撰寫產品需求文件 (PRD) 並進行跨部門的溝通
    ▸ 管理專案時程、測試、產品上線後的成效追蹤
    
▸ 與不同部門的角色互動，建立合作方式並讓產品幫助到各個部門
    ▸ 與工程師針對不同的解決方案討論技術的可能性及複雜度
    ▸ 與設計師針對使用者的習慣討論不同的呈現方式
    ▸ 與內部團隊溝通討論產品表現對公司財務的影響、法律上可能的風險
    ▸ 與營運同仁討論產品優化的方向，並宣導教育產品使用方式
    ▸ 實地參與並觀察第一線的作業流程，定期了解倉庫及運輸的實際運作情形
    ▸ 與開發團隊了解最新的市場走向，並實際拜訪客戶

| What we are looking for |

▸ 具備清晰的邏輯思考能力，能拆解複雜問題，並對問題的本質充滿好奇心及熱情
▸ 具備良好的表達能力，能將想法、目標或是願景讓其他成員清楚了解
▸ 富有同理心，了解不同使用者的使用情境，也能與團隊成員正向互動合作
▸ 針對事情的重要程度及緊急程度能排列出合理順序
▸ 不會受限於問題的框架，能大膽提出極具創意的解決方法，並證明其可行性
▸ 3年以上完整的產品經理經驗，對於開發流程 (ex: scrum) 以及工具都有一定程度的理解

| Bonus points if you have |

▸ 具有產品管理外的另一個專長背景 (ex: 程式開發、心理學)，能帶給團隊不一樣的思考角度
▸ 對某一項事物充滿熱情，並持續不斷鑽研精進 (ex: 抱石, 電玩, 投資, 煮飯)
▸ 樂於研究新的技術突破或是商業模型

| More about us |

▸ 艾立運能以估值5.7億元完成A輪募資，搶攻冷鏈運輸商機 https://pse.is/4us99z",不拘,不拘,專案成本╱品質╱風險管理、專案時間╱進度控管、專案規劃執行╱範圍管理、專案溝通╱整合管理、專案管理架構及專案說明、顧客關係管理、市場調查企劃與執行,未填寫,https://www.104.com.tw/job/7pskn?jobsource=index_s
高級C#後端工程師,錸特霖科技股份有限公司,後端工程師、全端工程師,50000,桃園市龜山區公園路32號11樓,"1. 基於公司業務需求，開發、維護和優化後端系統。
2. 負責數據收集和處理流程的自動化，流程優化以及效能調優。
3. 協調技術主管進行當前的編程任務。
4. 持續學習和提高技能。
5. 完成其他必要的工作。

後端工程師在企業的IT發展中扮演著重要角色，負責開發、維護和優化相關的後端系統，具有良好的職業發展前景。
如果您符合上述要求，歡迎您申請本職位，讓我們一起創造更好的未來！",不拘,ASP.NET、C#,軟體工程系統開發、軟體品質與保證、問題追蹤處理(Bug tracking)、軟體整合測試、軟體程式設計、結構化程式設計、資料庫程式設計,熟悉 C# 語言及 .NET/.NET Core生態；熟悉 RESTful API開發；至少使用過一種關聯式資料庫，熟練使用 SQL 語言；Job/Queue 排程管理基本認知；熟悉git版本控管；兩年以上ASP.NET Core開發經驗，精通C#語言；熟練使用MSSQL、PostgreSQL、MongoDB、Redis，對資料庫設計和優化有一定的經驗；掌握基本的JS，熟悉常用前端功能；熟練使用Linux或UNIX系統，熟悉在Linux、UNIX下配置Docker的運行環境；熟悉軟體開發流程規範，具備良好而規範的設計和技術文檔編寫能力。,https://www.104.com.tw/job/8bse4?jobsource=index_s
自駕感測演算法工程師,勤崴國際科技股份有限公司,演算法工程師、軟體工程師、軟體專案主管,40000,桃園市桃園區,"【工作摘要】
負責感測器校準、數據處理和演算法開發，以推動我們自動駕駛、高級駕駛輔助系統和機器人產品的技術創新。
設計先進的演算法，測量各種感測器的校準，包括圖像、LiDAR、雷達和慣性測量單元。與機器學習工程師合作，構建感測元件資料融合技術、物件追蹤演算法、SLAM融合定位技術，以及深度/機器學習模型。

【職務內容】
1. 負責感測器校準、數據收集以及數據轉換，以滿足各項專案和內部需求。
2. 設計並實施算法或工具，測量感測器之間的校準/轉換矩陣，包括但不限於圖像、LiDAR、雷達、慣性測量單元等。
3. 構建完整的機器學習推斷流程，包括開發感測元件資料融合技術、物件追蹤偵測等應用演算法、SLAM融合定位技術，以及深度/機器學習模型開發。
4. 開發感測元件資料融合技術，以優化感測器數據的整合與利用。
5. 開發物件追蹤偵測等應用演算法，提升對環境中物體的準確感知。
6. 開發SLAM融合定位技術，實現更精確的位置感知和定位。
7. 深度/機器學習模型開發，應用於感測器校準和推斷流程的各個階段。
8. 需配合出差",不拘,C、C++、Python,不拘,"（一）使用工具：C/C++、Python、PCL、ROS、深度學習框架等
（二）其他相關知識與技能要求：【以下擇一即可】
          A. 具機器學習模型實務整合經驗（可選），能夠有效整合機器學習模型到實際應用中。
          B. 具視覺、3D點雲或感知資料處理經驗（可選），熟悉處理視覺數據、3D點雲數據或其他感知資料的相關技術。
          C. 具機器人SLAM算法整合經驗（可選），能夠有效整合同步定位與地圖構建算法到機器人系統中。
（三）其他要求：可書面展示相關經驗資料

完成「數位職能超群計畫」課程並取得VUE認證可獲得優先面試機會(MSMVTD)
持有經濟部能力鑑定(iPAS)證書者優先面試! IOTS",https://www.104.com.tw/job/6tux7?jobsource=index_s
QA - Engineer (Product),瑞健股份有限公司,品管／品保工程師、ISO／品保人員,40000,桃園市蘆竹區六福路36號,"2024團隊擴編，預計招募新鮮人*2 及工作經驗2年以上的*4，
歡迎對Quality有興趣及熱忱、多益分數700以上喜歡溝通的人選投遞！

In the 2024, our team will be expanding, and we are planning to recruit two fresh graduates and four candidates with more than two years of work experience. We welcome individuals who are enthusiastic about Quality and have a TOEIC score of 700 or above!

SHL Medical AG is a world-leading solution provider in the design, development and manufacturing of advanced drug delivery systems with more than 5000 employees worldwide. Our customers include top pharmaceutical and biotech companies from around the globe that require innovative devices such as auto injectors or pen injectors to effectively deliver their drugs. Headquartered in Switzerland since late 2018.

Taiwan has been SHL’s starting ground in our bid for global mobility in the fields of drug delivery and medical technology. Our ambitious people who come from various cultures share the same aspiration – ensuring the right drug device for the delivery of modern precision medicine.

【Job Overview】

This position is to provide quality oversight to assure design, development, manufacturing and post-market of SHL product are compliant to applicable regulations, standards, and SOPs. QA engineer ensures the delivery of high quality product which meet the regulatory requirements and customer expectations.

這個職位的目的是進行品質把關，以確保SHL產品的設計、開發、製造和售後市場符合相關法規、標準和標準操作程序。品質保證工程師確保交付符合法規要求和客戶期望的高品質產品。

【Main Responsibilities】

‧ Lead / participate in project related quality activities (e.g. design control, change control, product release) and provide quality consultation to the team.
‧ Demonstrate customer focus, cross-functional cooperation skills, and sound quality judgement.
‧ Complete the evaluation and detailed investigation on the observed nonconformities during manufacturing process.
‧ Present accumulated quality data to customers and management.
‧ Identify trends of quality data with the usage of statistics and quality improvement tools to prevent quality issues.
‧ Ability to effectively communicate and interact with foreign customer, team members, and various technical disciplines.
‧ Support external quality inspections and execute internal and supplier audits.
‧ Complete assigned tasks on time with minimal supervision (self-motivated).

‧ 領導/參與與專案相關的品質活動，並向團隊提供品質建議。
‧ 必須展現以客戶為導向的態度，跨部門合作技巧以及良好的品質判斷能力。
‧ 在製造過程中對觀察到的不符合項目進行評估和詳細調查。
‧ 向客戶和管理層呈現累積的品質數據。
‧ 利用統計和品質改進工具識別品質數據的趨勢，以預防品質問題再犯。
‧ 能有效地與外國客戶、團隊成員和各種技術專業互動和溝通。
‧ 支援外部品質檢查並執行內部和供應商審核。
‧ 能在時間內主動積極的完成被分配的任務

【Required Skills & Qualifications】

‧  BS degree above or equivalent technical work experience.
‧  Clear / logical thinking with strong organization and communication skills
‧  Proficient problem solving skills.
‧  Working knowledge of Microsoft Office.
‧  Experience in the medical device industry is preferred.
‧  Knowledge of regulatory compliance: GMP (good manufacturing practice), QSR (quality system regulations), and ISO 13485 is preferred.
‧  CQT (certified quality technician), CQE (certified quality engineer) is a plus.
‧  Six sigma green belt or black belt is a plus.


‧ 工程學士學位以上或品質/製成相關工作經驗。
‧ 具有清晰/邏輯思維和良好的組織和溝通能力。
‧ 熟練的解決問題能力。
‧ 熟悉Microsoft Office軟體。
‧ 具有醫療器械行業經驗者優先考慮。
‧ 熟悉法規合規要求：GMP、QSR、和ISO 13485者優先考慮。
‧ 持有CQT（認證品質技術員）、CQE（認證品質工程師）證書者優先加分。
‧ 擁有六標準差綠帶或黑帶證書者優先加分。","[{'Language': '英文', 'Listen': '中等', 'Speak': '中等', 'Read': '中等', 'Write': '略懂'}, {'Language': '中文', 'Listen': '中等', 'Speak': '中等', 'Read': '中等', 'Write': '中等'}]",6 Sigma,原料及產品品質管制監控、工程管理-品質管理, ,https://www.104.com.tw/job/6cetl?jobsource=index_s
【人力資源類】訓練與組織發展管理師(桃園廠),景碩科技股份有限公司,人力資源人員、教育訓練人員,40000,桃園市新屋區中華路1245號,"1.協助訓練課程規劃、課務執行及預算掌控。
2.訓練成果報告及相關數據分析。
3.訓練紀錄維護與管理(線上系統)。 
3.公司新進工程師新人訓練計畫。
4.提供外訓諮詢與相關行政協助
5.擔任新人訓內部講師
6.協助全公司職能推廣專案。
7. 協助辦理公司性發表會、講座等活動
8. 其他人才發展及組織文化管理相關專案協助執行
9. 協助其他單位人資活動

※※工作經驗2年以上，具HR教育訓練經驗1年以上者，有職能導入經驗者為佳※※","[{'Language': '英文', 'Listen': '中等', 'Speak': '中等', 'Read': '中等', 'Write': '中等'}]",不拘,不拘,有職能導入經驗者為佳,https://www.104.com.tw/job/7iyl6?jobsource=index_s
AI應用訓練師,興城科技股份有限公司,AI工程師、主管特別助理,34000,桃園市中壢區吉林路27-1號7樓,"1.應用各種AI工具和深度學習模型。
2.整理各項數據，並進行分析和建模。
3.協助各單位AI應用及提供解決方案。
4.探索和應用最新的AI技術，並在實踐中不斷學習和優化。

AI訓練師是當前最具發展潛力的職業之一，隨著人工智慧技術在各行各業的普及，對AI工程師的需求也越來越大。本職位將為您提供一個與優秀的團隊合作，參與多元化的項目開發，並持續挑戰自我的機會。如果您對AI充滿熱情，並希望在這個領域中不斷成長和發展，那麼這份工作適合您，期待與您共事！","[{'Language': '英文', 'Listen': '中等', 'Speak': '中等', 'Read': '中等', 'Write': '中等'}]",Excel、Outlook、PowerPoint、Word,AI、生成式AI,未填寫,https://www.104.com.tw/job/8cwjp?jobsource=index_s
品保工程師,堯米股份有限公司,品管／品保工程師、ISO／品保人員、品管／品保主管,42500,桃園市觀音區大潭里科技路101號,"品保工程師
1. 負責公司品保體系的建立，品質管制程序改善與追蹤 
2. 統計製程分析與監控管理
3. 執行內部品質稽核活動及配合外部認證
4. 規畫執行品質相關之教育訓練 　
5. 客訴品質追蹤處理 　
6. 品質相關統計數據分析及檢討,熟悉SPC應用 　
7. 負責及跨部門溝通協調(具細心) 　
8. 負責廠內儀器校驗規劃
9. 其他主管交辦事項","[{'Language': '英文', 'Listen': '略懂', 'Speak': '略懂', 'Read': '略懂', 'Write': '略懂'}]",Excel、PowerPoint、Word、SPC,不拘,未填寫,https://www.104.com.tw/job/85lhn?jobsource=index_s
【R&QA】數據分析工程師(SD),日月光半導體製造股份有限公司中壢分公司,軟體工程師、其他資訊專業人員、系統分析師,40000,桃園市中壢區中華路一段550號,"1.協助單位分析數據、建立模型、數據化解讀參數分析結果，並協同轉化成可執行方案，並追蹤方案成效。
2.利用數據分析與儀表板設計軟體將分析的結果進行資料視覺化。
3.BI報表設計開發。
4.其他專案管理","[{'Language': '英文', 'Listen': '中等', 'Speak': '中等', 'Read': '中等', 'Write': '中等'}]",Python、SAS,不拘, ,https://www.104.com.tw/job/7xaug?jobsource=index_s
【智慧移動】工業工程師-龍潭廠-R66,友達光電股份有限公司,生產管理主管、工業工程師／生產線規劃、生產技術／製程工程師,40000,桃園市龍潭區325桃園市龍潭區新和路1號,"工業工程師的工作包含

【效率改善】
1. 生產計劃管理：制定和執行生產進度，根據市場、產能，制定合理的生產計劃和排程。
2. 生產效率工具開發：改善e化管理相關報表開發、提案。
生產效率與質量控制：監控生產過程，持續改進生產效率並確保產品質量。應對生產過程中的問題，提出解決方案，並改善生產流程。
3. 安全管理：確保生產過程符合相關的安全標準，保障員工的人身安全，預防及處理生產事故。
4. 協作與溝通：與研發、購料、品質、設備、銷售等部門保持有效的溝通與協作，確保生產工作與整個企業的目標和戰略保持一致。

【生產線規劃】
1. 設計與規劃生產線：負責生產線設計和規劃高效的生產流程。包括配置產線佈局，確定生產步驟順序，以及設計運轉工時表。
2. 成本效益分析：評估生產線規劃項目的投資成本和預期收益。需要確保生產線配置和改造方案具有成本效益，並符合預算要求。
3. 跨部門合作：與研發、生產、品質等部門緊密合作，確保生產線規劃能夠順利實施並符合公司整體戰略。
4. 效率優化：分析監控生產線運行數據，制定改善方案，提高生產效率和產品質量。包含自動化和AI智能化專案的推廣與執行。","[{'Language': '英文', 'Listen': '中等', 'Speak': '中等', 'Read': '中等', 'Write': '中等'}]",PHP、Python、MySQL、Excel、Outlook、PowerPoint、Project、Word、Tableau,不拘,"1.有系統廠/車廠產線經驗佳 
2.有倍速鍊流線組裝帶線經驗尤佳",https://www.104.com.tw/job/89leu?jobsource=index_s
後端軟體工程師 Back-end Software Engineer,洋銘資訊股份有限公司,後端工程師、軟體工程師、Internet程式設計師,48000,桃園市桃園區守法路20號1樓,"【職責】
● 負責軟體設計、規劃、開發，並測試以確保交付之程式碼具有高穩定度和可維護性。
● 維護、優化、既有產品和專案，並針對錯誤進行排除。
● 與前端工程師、產品經理和PM團隊密切合作，確保項目成功。
● 系統開發及API文件的撰寫。
● 學習新技術、工具並與團隊分享達到知識共享，和團隊一起進步。
● 進行CodeReview，確保程式碼質量和標準。

【必要條件】
● 熟悉C#
● 熟悉ASP.NET、Entity Framework
● 熟悉RESTful API設計及開發
● 具備良好的數據庫設計和優化能力，熟悉至少一種RDBMS，如MS SQL Server或MySQL。
● 擁有Git版本控制實務經驗
● 具備獨立解決技術問題、熱愛學習新知識或工具的能力。
● 樂於與團隊協作與溝通，並能主動積極提出問題、協助他人。  

【加分條件】
● 參與過產品的開發生命週期，例如需求分析、設計、開發、測試等。
● 擁有NoSQL開發實務經驗
● 擁有成熟的CodeReview經驗
● 熟悉CI/CD流程
● 具備Message Queue開發經驗，如RabbitMQ
● 對至少一種AI工具有深入的使用經驗，如ChatGpt、GitHub Copilot

我們正在尋找具備優秀軟體開發技能和團隊合作精神的人才。這個職位提供了豐富的學習和成長機會，您將有機會參與到各個階段的產品開發生命週期中，並與前端工程師、產品經理和PM團隊密切合作。如果您熱愛技術挑戰、喜歡與團隊共同努力解決問題，並且具備所需的技能和經驗，歡迎加入我們！",不拘,Git、ASP.NET、C#、Visual C#、Visual Studio、MS SQL、MySQL、RDBMS,系統架構規劃、系統維護操作、系統整合分析、軟體工程系統開發、軟體品質與保證、功能測試(function test)、問題追蹤處理(Bug tracking)、軟體整合測試、測試計劃及測試報告書撰寫、軟體程式設計、網路程式設計、資料庫程式設計、系統架構規劃與維護,未填寫,https://www.104.com.tw/job/89ttc?jobsource=index_s
硬體系統電源工程師_通信基礎設施事業部(中壢),台達電子工業股份有限公司 _DELTA ELECTRONICS INC.,電源工程師、電子工程師、硬體研發工程師,40000,桃園市中壢區東園路16號,"按讚並追蹤""台達Delta Career""FB粉絲專頁，讓您更快掌握台達職缺脈動！
https://www.facebook.com/deltacareer

想知道電子設計工程師的一天嗎? 
給我三分鐘，讓你一窺台達EE的一天 
影片傳送門在此:： 
https://www.youtube.com/watch?v=b33Lrotur1w 

主要產品：通訊電源櫃、數據中心電源櫃、沉浸式伺服器電源櫃、rPDU、Switch gear、STS
1. 開發電力系統硬體及參數設置。
2. 規劃執行硬體電路設計。
3. 電力系統驗證、測試及修改。
4. BOM建立。
5. 負責客戶規格確認及說明。
6. 研究電力系統國際規範。","[{'Language': '英文', 'Listen': '中等', 'Speak': '中等', 'Read': '中等', 'Write': '中等'}]",SolidWorks,電子產品系統測試、電子電路設計,"1.具電路設計、電力電子及電力系統相關經驗佳
2.具邏輯閘及流程圖經驗佳
3.具Altium design、Solid Works Electrical、溝通報告及專案管理技能佳
4.具冷凍空調及鋰電池管理經驗佳",https://www.104.com.tw/job/7cbut?jobsource=index_s
振動噪音資深工程師_風扇暨熱傳導產品(桃二),台達電子工業股份有限公司 _DELTA ELECTRONICS INC.,機構工程師、熱傳工程師,40000,桃園市龜山區龜山鄉山鶯路252號,"想知道台達機構工程師的精采生活嗎?
給我三分鐘，影片傳送門在此:
https://www.youtube.com/watch?v=1Ex9SvdkjTA

工作內容：
1.振動噪音量測技術最佳化
2.產品振動噪音問題解決
3.產品振動噪音設計優化與改良
4.實驗室與量測設備管理與維護
5.振動噪音新技術開發
6.主被動式降噪技術能力建立
7.大數據分析與統整","[{'Language': '英文', 'Listen': '中等', 'Speak': '中等', 'Read': '中等', 'Write': '中等'}]",AutoCAD、Pro/E、SolidWorks,不拘,"1.聲學診斷；
2.振動噪音頻譜分析，
3.振動噪音模擬，
4.具NI與 Labview開發",https://www.104.com.tw/job/8bkfv?jobsource=index_s
IOT工程師,淯升企業有限公司,通訊軟體工程師、韌體工程師、軟體工程師,40000,桃園市桃園區建國東路15巷12號,"1. 與系統分析師、工程師、程式設計師等商討，設計系統，並獲得關於專案的限制、容量、性能需求和介面等的訊息。
2. 修正現有軟體的錯誤，使其適應新硬體或改進其性能。
3. 分析客戶需要和軟體需求，考量時間及成本的限制條件，以評估計畫的可行性。
4.分析IOT數據。
5. 確保軟體系統的安裝以符合設計規格。
6. 負責軟體或韌體系統測試與操作。
7. 分析資訊以確認電腦的規格、配置和周邊設備，並提出適當的調整建議。
8.至客戶裝設硬體及設置聯結.",不拘,AWS、C、C++,不拘,2年以上相關工作經驗,https://www.104.com.tw/job/8bhh1?jobsource=index_s
生技製程副理,同致電子企業股份有限公司,工廠主管、工業工程師／生產線規劃、生產技術／製程工程師,40000,桃園市蘆竹區南青路1156巷9號,"1. 半/自動組裝線參數DOE驗證、CPK數據彙整、追蹤
2. 半/自動組裝線SOP、PFMEA、CP文件撰寫、維護
3. 半/自動組裝線進行動作優化及效率工時及良率分析改善
4. 產線產品不良分析、短/長期對策施做、跟進
5. 客戶不良品分析、8D報告撰寫 & 改善對策跟進預落實
6. 與RD討論產品規格、與廠商討論設備規格
7. 新開案全系列產品需求進行半/自動組裝線各製程設備規格評估
8. 協同設備工程師與設備商討論動作原理、驗證、測試…等項目
9. 半/自動組裝線周邊量測儀器評估
10. 各類生產夾治具設計發包與製作
11. 客戶稽核對應窗口
12. 開發案產品製程評估與RFQ報價","[{'Language': '英文', 'Listen': '中等', 'Speak': '中等', 'Read': '中等', 'Write': '中等'}]",IE工業工程、MES,操作控制及故障排除、整理分析生產紀錄報告、日常檢查及異常狀況初步研判、開立工單及生產交期管理、達成產能及出貨目標、維持產線正常運轉並跟催生產進度、協助改善產品良率、提出生產標準改良方案、標準作業流程規劃,"1. 十年以上電子業3C產品製造之前製程/設備/製造等經驗,具三年以上課級主管經驗者尤佳
2. 負責/認真/具持續精進執行力/成本計算與管控能力/領導統御能力/問題分析與解決能力",https://www.104.com.tw/job/87wii?jobsource=index_s
MES工廠執行系統規劃管理,智影顧問股份有限公司,工業工程師／生產線規劃、MES工程師、生產技術／製程工程師,35000,桃園市中壢區北源路,"1.負責專案執行、跨系統整合及系統維運
2.善用數位新技術, 掌控外包系統架構及功能 , 作為使用者,廠商與內部資訊溝通窗口
3.PIMQ 生產相關資訊系統之維運。
4.系統異常問題的追蹤及改善。
5.系統的需求分析及流程梳理。
6.系統之設計開發及專案管理。
7.數據收集分析及流程測試。
8.教育訓練及SOP建置。
9.協助海外厰架設MES系統，應智慧工廠發展需求，將進行智慧工廠和數位轉型專案開發及導入。

MES工程師是目前智慧工廠和數位轉型領域中非常重要的職位，這個職位的發展前景非常廣闊，能夠在不同的專案中擔任關鍵角色，並為公司創造價值。
如果你擁有以上相關技能與經驗，歡迎加入我們的團隊，一起創造價值，共同成就個人和公司的卓越職涯。",不拘,MS SQL、MES,MES工廠執行系統規劃管理、設計導入製造執行系統（MES）、協助改善產品良率、建立標準生產流程、產品生產製程規劃及工時估算、提出生產標準改良方案、提出製程計畫與產能分配掌握,未填寫,https://www.104.com.tw/job/86uo1?jobsource=index_s
【資通訊整合中心】前端工程師｜IT核心團隊,歐萊德國際股份有限公司,Internet程式設計師、軟體工程師,40000,桃園市龍潭區中豐路高平段18號,"─ 這份工作的主要職責及工作範疇 ─ 

•把前端應用程序打扮得漂漂亮亮，確保用戶看到的界面好看又好用。
•與後端工程師攜手合作，一起處理後端傳回來的數據，讓整個應用順暢運行。
•聯繫社群或者第三方工具，抓取數據並且巧妙地展示在我們的前端應用上。
•跟介面設計師一拍即合，按照設計和需求來做出前端界面和互動效果。

─ 我們希望具備這些特質 ─ 

•熟練的CSS，擁有切版和響應式設計的經驗，能把設計師的點子變成現實。
•熟練掌握AJAX或Axios等工具，讓我們的頁面動起來，數據互動也毫無滯後感。
•講究代碼的風格和品質，寫出來的代碼讓人一看就心花怒放，而且容易讀懂和維護。
•遇到前端的問題就像找到解謎的關鍵，解決問題的能力很強，而且樂於團隊討論。


─ 有這些經驗或技能，會加分 ─ 

•會一些專案版本控管，比如Git，這樣我們的團隊協作起來更得心應手。
•如果你還有使用VUE前端框架的經驗，那就更完美了！
•具有串接第三方或社群工具的API經驗，這樣的話你會更有優勢哦。",不拘,Git、AJAX、HTML、JavaScript、jQuery、CSS、Sass、Node.js、VueJS,系統架構規劃、網路程式設計,未填寫,https://www.104.com.tw/job/80vqx?jobsource=index_s
Senior Marketing Director 資深數位行銷主管,雲育鏈股份有限公司,行銷主管、廣告企劃主管、媒體公關人員／主管,40000,桃園市中壢區明德路60號5樓,"雲育鏈成立至今 4 年，致力於為台灣企業、金控提供有效雲端數位轉型方案，培訓了破千位的雲端、軟體人才，為台灣創造更多新型態企業與就業機會。
雲育鏈提供 AWS、GCP 雲端課程，並協助企業上雲。
合作的廠商包含金融產業、系統、遊戲、電信大廠等，都來找我們做內訓課程，此外我們也提供標準化AWS與GCP的認證課程，供外部工程師、PM或主管進修。

【職務說明】
依組織產品定位與分析需求，規劃、執行和監控數位行銷策略，以達到企業的業務目標和銷售目標。
依年度行銷目標，編列年度預算，遵守數位行銷相關法規，規劃網路行銷策略。
持續評估市場趨勢和消費者需求，並適時調整數位行銷計劃以滿足變化的需求。
管理並培養數位行銷團隊，確保所有工作進行順利並符合企業的品牌形象和市場定位。
與跨部門合作，包括品牌管理、銷售、客戶服務和技術團隊，確保整個企業的數位行銷策略一致性和有效性。
監督數據分析和報告，並提出改進建議，以優化數位行銷活動的效果和ROI。

【工作職責】
設計和執行數位行銷策略，包括SEO、SEM、社交媒體、電子郵件營銷、內容行銷等，以增加品牌知名度和銷售量。
負責制定數位廣告投放計劃，包括Google廣告、社交媒體廣告、網站廣告等，以增加網站訪問量和轉換率。
監控並優化數據分析，包括網站流量、轉換率、社交媒體指標等，以提高數位行銷活動的效果和ROI。
管理並培養數位行銷團隊，包括指導和訓練下屬，確保整個團隊的工作效率和品質。
與品牌管理、銷售、客戶服務和技術團隊合作，確保整個企業的數位行銷策略一致性和有效性。
撰寫數位行銷相關的報告、提案和策略，並提出改進建議和執行計劃。

【條件】
大專以上相關科系畢業，且具3年以上相關工作經驗。",不拘,Google Analytics,行銷製作物規劃與執行、品牌行銷管理、異業合作規劃與執行、網路活動規劃與執行、廣告製作規劃與執行、行銷宣傳預算編製與控管、行銷策略擬定、品牌知名度推廣、廣告預算控管、社群媒體經營管理、市場調查企劃與執行、廣告企劃案╱文案撰寫,"精通行銷工具，如：Line@(商家版、Openchat)、Facebook(粉專、社團、廣告)、Youtube、短影音行銷、Instagram 等等
具有管理 5 人以上團隊之經驗

具備以下能力者優：
1. 豐富的數位行銷經驗
2. 領導能力
3. 創意思維
4. 數據分析能力
5. 溝通能力
6. 雲端產業市場瞭解
7. 了解雲端
8. 持續學習
9. 抗壓力",https://www.104.com.tw/job/7zjek?jobsource=index_s
自動化製程工程師,同致電子企業股份有限公司,生產設備工程師、生產技術／製程工程師,40000,桃園市蘆竹區南青路1156巷9號,"1. 半/自動組裝線參數DOE驗證、CPK數據彙整、追蹤
2. 半/自動組裝線SOP、PFMEA、CP文件撰寫、維護
3. 半/自動組裝線進行動作優化及效率工時及良率分析改善
4. 產線產品不良分析、短/長期對策施做、跟進
5. 客戶不良品分析、8D報告撰寫 & 改善對策跟進預落實
6. 與RD討論產品規格、與廠商討論設備規格
7. 新開案全系列產品需求進行半/自動組裝線各單元設備規格評估.
8. 輔助設備工程師與設備商討論動作原理、驗證、測試…等項目
9. 半/自動組裝線周邊量測儀器評估.
10. 短期支援北美/印度人力","[{'Language': '英文', 'Listen': '略懂', 'Speak': '略懂', 'Read': '略懂', 'Write': '略懂'}]",SPC,不拘,"1.具製程技術分析能力
2.具統計製程管制(SPC)/製程失效模式(PFMEA)生產工程改善經驗
3.具部內制度/標準建立/製程分析能力
4.具自動化設備與周邊儀器評估能力
5.擅長跨部門溝通協調

擅長工具:
SPC,CPK,PFMEA,DOE,PDCA,QC七大手法,8D,80/20法則",https://www.104.com.tw/job/7nzez?jobsource=index_s
視訊軟體設計工程師/T6V0(林口研發總部),致茂電子股份有限公司,軟體工程師、通訊軟體工程師,40000,桃園市龜山區文茂路88號,"身為一名工程師，你可以加入致茂總部的研發團隊，參與世界一流大廠產品開發過程，接觸產業最前沿；公司成立來每年都是賺錢，穩扎穩打不急功近利，提供良好研發環境並廣泛與學研機構合作，對技術有興趣的你是最佳選擇。
在視訊測試領域內，眼睛所及的電子產品顯示螢幕，從手機、Notebook、電競/4K/8K高清電視、電子廣告看板、VR、AR、車用儀表板…等，都是我們所要測試的產品；而樂於分享的公司文化，能與公司內各領域高手相互切磋/學習，更是個人技術持續成長的訣竅。
如何讓畫面完美呈現以及領先市場需求，就是我們持續大步向往前目標，歡迎加入一起讓這個世界更加繽紛。

※位於桃園 A7 科技園區的研發總部，於 2020 年全新落成啟用，給您一個新穎、乾淨與舒適的辦公空間。

工作內容主要負責新、舊視訊介面量測設備、老化設備、自動化系統等的控制軟體設計規劃與開發、維護。

在嶄新系統方面，目前規劃朝向工業 4.0、AI 應用、大數據收集、獨家中控伺服器系統建置......等。

常備技能需求：
1. 團隊合作、溝通協調能力。
2. 寫出好軟體、規劃成熟系統的真實熱忱。
3. 細心與責任心。
4. Visual Studio 軟體開發能力。(主力為 C#, VB.NET + Windows Form，熟 VB 6.0 尤佳)
5. 序列埠/網路通訊交握概念、程式實作能力。
6. 資料庫軟體應用。","[{'Language': '英文', 'Listen': '中等', 'Speak': '中等', 'Read': '中等', 'Write': '中等'}]",Windows 10、Git、C#、Visual Basic .net、Visual Studio .net、WinForm、MS SQL、PostgreSQL、Socket,作業系統基本操作、系統架構規劃、軟體品質與保證、資料通訊與網路應用、軟體程式設計、網路程式設計、模組化系統設計、資料庫程式設計、文書處理軟體操作, ,https://www.104.com.tw/job/5wqdm?jobsource=index_s
數據可視化工程師,凌華科技股份有限公司,Internet程式設計師、MES工程師,40000,桃園市龜山區華亞一路66號(歡迎至”Join us! 為何要加入凌華 https://pse.is/UKECY”查看更多福利內容),"1.資訊平台設計/開發(GDW/系統)
2.資料視覺化，與數據分析團隊合作
3.構建和維護數據庫，根據各種需求清理和分離數據
4.Data Center API/ETL開發
5.DB/軟體管理",不拘,不拘,不拘,"1.具備系統架構規劃/設計知識
2.具備前後台程式開發(JAVA/SQL)技能
3.特質:細心謹慎/適應改變、執行能力以及學習能力佳/具備自我管理能力",https://www.104.com.tw/job/729rb?jobsource=index_s
研發工程類-軟體研發工程師/主管 Software R&D Engineer/Supervisor,ASMPT Technology Limited_香港商先進太平洋股份有限公司台灣分公司,軟體工程師、系統分析師、演算法工程師,40000,桃園市龜山區科技一路69號,"軟體研發工程師/主管 (多名)
研發工業4.0相關軟體及支援半導體設備自動化軟體開發
• 國立大學資科/資工/電控/電腦/軟體工程/數學/相關技術學系 (學士, 碩士或博士學位)。
• 熟練掌握C語言/C++/C#/Java 及Windows環境的程式設計。
• 擁有豐富的多執行緒程式設計、物件導向程式設計（OOP）及設計模式等領域的知識。
• 具深度學習,機器大數據，或影像處理等經驗者佳。
• 具2年以上軟體程式設計及開發經驗 (剛畢業者入職，以初級軟體工程師任用)。
• 擁有良好的英語聽說讀寫能力。
• 獨立性強，積極主動，勇於追求成就。","[{'Language': '英文', 'Listen': '中等', 'Speak': '中等', 'Read': '精通', 'Write': '精通'}]",不拘,不拘,"We are now establishing a new RD center in Taiwan (Taoyuan) to extend our RD strength and preparing for the challenge of digital intelligent world. We are looking for software engineers for varying levels of seniority and experience. We are looking for team players who are passionate in software development, process and quality. You will be responsible to design and develop software for Semiconductor automation equipment and all the supporting features. These features including automation control, data/web communication, data processing and analytic, server-client system, image processing and Vision recognition.  ",https://www.104.com.tw/job/4uxuh?jobsource=index_s
【品保/客服類】品管整合工程師(山鶯廠),欣興電子股份有限公司,品管／品保工程師、ISO／品保人員,51000,桃園市龜山區山鶯路177號,"1. SPC系統管理(開發規劃/維護與異常處理)與監督作業。
2. SPC訓練與授課
3. 智能化專案規劃與推動
4. 需求dashboard開發
5. 大數據分析
6. 其他主管交辦事項","[{'Language': '英文', 'Listen': '中等', 'Speak': '中等', 'Read': '中等', 'Write': '中等'}]",Excel、Outlook、PowerPoint、Word、6 Sigma、SPC,不拘,"1. 具SPC相關執行經驗
2. 具品質系統/智能化推行或大數據分析相關經驗
3. 具有PCB產業製程相關經驗佳

有以下證照或專業尤佳，無亦可。
1. 品質技術師(CQT)、品質工程師(CQE)、6 Sigma 證照、大數據分析或網頁開發相關證照
2. 網頁開發或Tableau…等相關程式撰寫經驗
3. EXCEL VBA或VB程式撰寫

積極主動、溝通能力佳(跨部門)、協調與整合能力",https://www.104.com.tw/job/7s8rc?jobsource=index_s
品保工程師,豐融精工股份有限公司,品管／品保工程師,40000,桃園市新屋區社子路210號,"1. 制定並執行品質控制計劃，監督生產過程，保證產品符合標準
2. 檢查和測試產品，確保其符合設計和規範
3. 與其他部門合作，解決生產和品質方面的問題
4. 分析數據，制定改進計劃，提高生產效率和產品質量
5. 建立品質文化，提高員工品質意識和技能

品管品保工程師在現代製造業中扮演著重要的角色，負責確保產品質量，維護公司聲譽，是公司不可或缺的一部分。此職位具有良好的發展前景，能夠對公司的生產流程和產品質量進行全面控制和管理。",不拘,Excel、ISO 9000、RoHS、SPC,制訂新產品檢驗標準、產品驗證作業、執行產品可靠度測試與問題分析、規劃並執行品質管理系統,未填寫,https://www.104.com.tw/job/80ibf?jobsource=index_s
Digital Marketing 數位行銷/廣告投放人員,雲育鏈股份有限公司,市場調查／市場分析、網站行銷企劃、廣告企劃主管,33735,桃園市中壢區明德路60號5樓,"雲育鏈成立至今 4 年，致力於為台灣企業、金控提供有效雲端數位轉型方案，培訓了破千位的雲端、軟體人才，為台灣創造更多新型態企業與就業機會。
雲育鏈提供 AWS、GCP 雲端課程，並協助企業上雲。
合作的廠商包含金融產業、系統、遊戲、電信大廠等，提供內訓課程也提供一般標準化的課程。

【工作職責】
設計和執行數位行銷策略，協助客戶達成營收和品牌目標。
策劃和執行網路廣告投放，包括搜尋引擎行銷(SEM)、社交媒體行銷(SMM)、電子郵件行銷、行動廣告、程式化廣告等。
監測和分析數據，定期報告和優化廣告投放效果，包括CTR、CPC、CPM、ROI等關鍵指標。
進行市場調研和競爭分析，發現新的數位行銷機會，並持續優化廣告投放策略。
與內部團隊協作，如設計師、網站工程師、數據分析師等，確保廣告投放的完整性和效果。

【要求】
使用過 Google、Line、Facebook 等平台的廣告工具
具備良好的溝通和協調能力，能夠與客戶和合作夥伴建立良好的關係。
具備基礎的網路廣告投放知識，熟悉搜尋引擎行銷、社交媒體行銷、電子郵件行銷等廣告投放方式。
具備基礎的數據分析能力，熟悉廣告投放效果的關鍵指標，能夠進行數據分析和報告撰寫。
具備主動學習的精神",不拘,不拘,品牌行銷管理、網站企劃能力、網路活動規劃與執行、廣告製作規劃與執行、行銷策略擬定、品牌知名度推廣、社群媒體經營管理、廣告企劃案╱文案撰寫、廣告創意發想與提案,"1. 精通各種網路廣告投放平台和工具，如Google Ads、Facebook Ads、LinkedIn Ads等。
2. 熟練掌握SEO和SEM等關鍵詞廣告投放方式，以及社交媒體行銷、電子郵件行銷、程式化廣告等各種網路廣告投放技巧。
3. 具備數據分析和監測能力，能夠進行數據分析、報告撰寫和優化投放效果。
4. 具有編寫廣告文案和設計圖像的能力，能夠編寫簡潔明瞭的廣告文案，並使用圖像設計工具設計符合廣告投放平台要求的圖像。",https://www.104.com.tw/job/7x9x0?jobsource=index_s
E3000 【物流管理處】工業工程/數據分析工程師(桃園地區),富邦媒體科技股份有限公司(富邦momo),營運管理師／系統整合／ERP專案師、內業工程師、工業工程師／生產線規劃,40000,桃園市大園區,"1.設備標準生產作業流程規劃及優化、後續相關效益評估。
2.生產力效率分析、執行改善方案計畫。
3.產能(設備、人力…等)及負荷分析與規劃。
4.專案計劃提案，標準作業流程訂定。
5.跨部門溝通協調與整合。
6.其他主管交辦事項

工作地點:台北市內湖區/桃園市大園區","[{'Language': '英文', 'Listen': '中等', 'Speak': '中等', 'Read': '中等', 'Write': '中等'}]",不拘,不拘,"1.熟悉IE七大手法、人因工程、設施規劃與設計經驗者尤佳。
2.機械相關產業經驗尤佳。
3.因應倉儲專案優化需求，需不定期配合出差(台北內湖/桃園大園/台南永康)

* 如經面試錄取後，報到時須繳交「體格檢查表(一般)」，請於報到前自行至醫療機構辦理體檢 *",https://www.104.com.tw/job/7vn0v?jobsource=index_s
C++ server 後端軟體工程師 | Bigdata(可遠端)(桃園),萊泀股份有限公司,軟體工程師、後端工程師、Internet程式設計師,90000,桃園市中壢區東區新莊里新莊街129巷70弄1號,"【此職務的工作介紹】
作為C++軟體維護及開發人員，您將在一個友好的產品團隊中工作，負責所有後端開發及管理。這個獨特的角色讓您有機會大顯身手並成為團隊中很重要的一員。
您還將與我們的開發團隊和利益相關者一起負責項目，負責網站和應用程序的所有需求。

1. 數據收集應用相關程式開發與維護
2. 即時/歷史 統計演算及數據分析開發與維護
3. 前、後台系統網絡開發與維護
4. 導入LLM、AI進入系統
5. 跨部門需求溝通與確認
6. 整理和編寫技術文檔
7. 協作對象有前、後端工程師、設計師 、測試工程師、運維專家等一同合作

【職務條件】
1.有一定的C++開發經驗，會任一門指令碼語言(python或者shell）
2.理解多綫程等基礎架構，物件導向設計、瞭解其原理和實現機制
3.良好的Coding Style、程式模組化與功能化的架構設計、除維護外，若有程式碼重構經驗尤佳
4.若能根據業務需要採用不同架構設計標準化的微服務為加分項目
5.喜歡鑽研及解決問題，具有較強的責任心及團隊合作精神、偶有通靈的能力
6.有台灣券商、期貨商相關工作經驗優先聊聊

【這樣很加分】
1. 履歷中有各種參與過的專案經驗，讓我們可以更快速的認識你的能力與經驗。
2. 具備開發經驗也很可以！",不拘,Linux、Shell、Github、Git、C++,系統架構規劃、系統整合分析、軟體工程系統開發、軟體程式設計、結構化程式設計、模組化系統設計、資料庫系統管理維護、資料庫程式設計、資料庫軟體應用,未填寫,https://www.104.com.tw/job/8bptf?jobsource=index_s
Senior Marketing Manager 資深行銷經理 (本薪外加績效達標高額獎金),雲育鏈股份有限公司,行銷主管、產品企劃主管、廣告企劃主管,40000,桃園市中壢區明德路60號5樓,"【職缺描述】
行銷經理將會認識雲端產業的各個工程師與 IT 主管，替公司規劃行銷或品牌故事建立並創造業務機會，協助企業拓展並擬定社群經營策略與行動方針！
行銷經理需要提供點子或想法並規劃行銷計畫，包含負責分派同仁須執行的計畫細項內容，管理並追蹤項目與同仁績效，並為公司開闢潛在學員，增加公司品牌曝光度及維持優質企業形象。

【職責範圍】
帶領公司行銷部門，並盡管理職責
能獨立思考，發想創意提案，包含短期或長期行銷專案規劃
推動、監督行銷專案的執行，促進內部人員溝通合作，協助順利達成專案目標
進行市場分析，擬定業務推廣計劃，並定期與同仁追蹤檢討
針對行銷專案做數據、流量等分析，以幫助企業檢視成效、發現潛在用戶
建立、分析現有顧客與潛在顧客資料，並發展客戶維繫方案
優先以為學員的未來或合作的企業作著想，讓他們知道他們的職涯可以加分
促進學員之間合作

【工作內容】
品牌與課程行銷，確保公司行銷與廣告發放持續運行
即時了解市場趨勢，有效評估掌握支出成本、預算、策略及績效
管理並分配任務給負責同仁
透過定期電訪聯絡潛在客戶
管理學員資料庫，研擬學員促進交流策略
使用 Facebook、Line@、Open chat 等社群口碑操作、提升社群活躍度、文案發想、品牌曝光
廣告投放策略擬定
學員行為策略分析
蒐集分析市場上競品狀況，並研擬因應策略",不拘,PowerPoint、Google Analytics、Illustrator,行銷製作物規劃與執行、品牌行銷管理、異業合作規劃與執行、提案與簡報技巧、實體活動規劃與執行、網站企劃能力、網路活動規劃與執行、廣告製作規劃與執行、研討會／講座活動規劃與執行、行銷宣傳預算編製與控管、行銷策略擬定、品牌知名度推廣、產品開發預算與成本控管、廣告預算控管、顧客關係管理、社群媒體經營管理、市場調查企劃與執行、市場調查資料分析與報告撰寫、網站流量成效追蹤、調查樣本統計分析,"精通行銷工具，如：Line@(商家版、Openchat)、Facebook(粉專、社團、廣告)、Youtube、短影音行銷、Instagram 等等
具有管理 5 人以上團隊之經驗

以執行實績作為獎金與逐月的預算規畫參考
熟悉微軟WORD, PowerPoint等軟體
具備良好的中文寫作技巧，有撰寫文案的經驗
積極、自我要求高，下班會自我學習者優
具備管理實績者優
除本薪外依業績表現給予績效獎金",https://www.104.com.tw/job/7vlp2?jobsource=index_s
【產品研發類】PCB產品技術人員 (山鶯廠區),欣興電子股份有限公司,PCB技術人員,42000,桃園市龜山區山鶯路177號,"1.發文資料製作，需會操作Excel，電腦基本處理能力
2.機構圖繪製，AUTOCAD量測
3.工單資料發行提供
4.協助工程師或主管整理相關數據資料
5.其他主管交辦事項","[{'Language': '英文', 'Listen': '中等', 'Speak': '中等', 'Read': '中等', 'Write': '中等'}]",Excel、Outlook,不拘,"1.細心度佳
2.具工廠經驗者佳
3.會Auto Cad佳",https://www.104.com.tw/job/89pu7?jobsource=index_s
【半年、一年】實習生,迅得機械股份有限公司,工讀生、機械工程師、機電技師／工程師,28000,桃園市中壢區榮民路421號,"【機械研發-儲備工程師】
1.     PDM 倒圖。
2.     solidworks拆圖(3D→2D)。
3.     協助工程師製作工程面。

【機電-儲備工程師】
1. 配合設備調整、測試。
2. 配合設備線路修改、整理。
3. 配合廠外裝機、測試、線路修改、整理。
4. 協助料件整理。
5.     電腦設定、軟體安裝、測試、掃毒。

【軟體-儲備工程師】
1. 協助智慧製造數據應用系統開發與測試
2. 協助智慧製造數據應用系統機器學習模組導入與功能驗證
3. 協助協助智慧製造數據應用系統視覺化顯示模組開發
4. 協助操作與技術文件撰寫
5. 協助至客戶端進行產品／設備設定、資料整理與故障排除",不拘,不拘,不拘,"1. 細心、負責任感。
2. 歡迎無工作經驗實習生加入!",https://www.104.com.tw/job/7oc25?jobsource=index_s
C++ server 後端軟體工程師 | Bigdata(可遠端)(桃園),萊泀股份有限公司,軟體工程師、後端工程師、Internet程式設計師,90000,桃園市中壢區東區新莊里新莊街129巷70弄1號,"【此職務的工作介紹】
作為C++軟體維護及開發人員，您將在一個友好的產品團隊中工作，負責所有後端開發及管理。這個獨特的角色讓您有機會大顯身手並成為團隊中很重要的一員。
您還將與我們的開發團隊和利益相關者一起負責項目，負責網站和應用程序的所有需求。

1. 數據收集應用相關程式開發與維護
2. 即時/歷史 統計演算及數據分析開發與維護
3. 前、後台系統網絡開發與維護
4. 導入LLM、AI進入系統
5. 跨部門需求溝通與確認
6. 整理和編寫技術文檔
7. 協作對象有前、後端工程師、設計師 、測試工程師、運維專家等一同合作

【職務條件】
1.有一定的C++開發經驗，會任一門指令碼語言(python或者shell）
2.理解多綫程等基礎架構，物件導向設計、瞭解其原理和實現機制
3.良好的Coding Style、程式模組化與功能化的架構設計、除維護外，若有程式碼重構經驗尤佳
4.若能根據業務需要採用不同架構設計標準化的微服務為加分項目
5.喜歡鑽研及解決問題，具有較強的責任心及團隊合作精神、偶有通靈的能力
6.有台灣券商、期貨商相關工作經驗優先聊聊

【這樣很加分】
1. 履歷中有各種參與過的專案經驗，讓我們可以更快速的認識你的能力與經驗。
2. 具備開發經驗也很可以！",不拘,Linux、Shell、Github、Git、C++,系統架構規劃、系統整合分析、軟體工程系統開發、軟體程式設計、結構化程式設計、模組化系統設計、資料庫系統管理維護、資料庫程式設計、資料庫軟體應用,未填寫,https://www.104.com.tw/job/8bptd?jobsource=index_s
【2024年研發替代役】研發工程師,臻鼎科技集團_先豐通訊股份有限公司,電子工程師、材料研發人員、MES工程師,40000,桃園市觀音區經建一路16號(328),"☆世界的連結，從臻鼎開始☆
-我們的使命：「發展科技、造福人類、精進環保、讓地球更美好」
-我們的願景：「發展PCB等相關產業，成為業界領導者」
-我們的核心價值觀：「誠信、責任、創新、卓越、利人」

★工作職缺★

●新技術研發工程師：
1. 新產品製程與技術開發
2. 客戶合作開發下世代產品技術

●新產品研發工程師：
1. 新產品/製程評估與試作
2. 樣品製作/異常問題排除

●產品設計工程師：
1.製前審圖作業&客戶規格設計協調 
2.料號工程規範製作與流程單、相關附件製作
3.工單規範設計、工程變更作業流程及相關附件修改

●MES工程師：
1.資訊需求分析與流程梳理
2.生產相關系統維運(MES、EAP等等)、WEB應用系統開發、ASP.NET C#應用開發
3.智能工廠相關系統開發與維護
4.數據採集與流程測試","[{'Language': '英文', 'Listen': '中等', 'Speak': '中等', 'Read': '中等', 'Write': '中等'}]",不拘,不拘,"☆歡迎2024年碩、博士應屆畢業生之優秀人才投遞此職缺☆

◎研發替代役徵才對象 :
1.2024年碩、博士應屆畢業生，83年次(含)以後出生者。
2.碩、博士以上學歷，投遞時請於履歷表中註明論文主題(方向)及所學專長。
3.請於履歷上檢附學士(含)以上之成績單。

~加入先豐研發替代役，創造先鋒，問鼎世界~ 
畢業即就業、無縫接軌於世界級PCB電路板大廠!
歡迎各位優秀研發人才加入先豐!",https://www.104.com.tw/job/7tqz7?jobsource=index_s
【產品/研發類】日班 研發技術師(山鶯廠區),欣興電子股份有限公司,工程助理、材料研發人員,42500,桃園市龜山區山鶯路179號,"1. WYKO/OM量測分析
2. AOI/VRS掃板量測資料蒐集及分類
3. 協助工程師製程實驗測試工作事項
4. 實驗物料領用/準備/搬板轉運
5. 日管維護 (Excel/PPT/Email)
6. 切片/數據量測收集/協助實驗板現場作業",不拘,Excel、Outlook、Word,不拘, ,https://www.104.com.tw/job/7ppnz?jobsource=index_s
【產品研發類】PCB產品技術人員 (蘆二廠)☆到職滿6個月，留任獎金最高12000元☆,欣興電子股份有限公司,PCB技術人員,44000,桃園市蘆竹區南山路二段470巷21號,"1.發文資料製作，需會操作Excel，電腦基本處理能力
2.協助工程師或主管整理相關數據資料
3.其他主管交辦事項","[{'Language': '英文', 'Listen': '中等', 'Speak': '中等', 'Read': '中等', 'Write': '中等'}]",Excel、Outlook,不拘,"1.細心度佳
2.具工廠經驗者佳",https://www.104.com.tw/job/89v02?jobsource=index_s
研發助理工程師,台灣立訊精密有限公司,助理工程師、生產技術／製程工程師,40000,桃園市龜山區桃園龜山鄉民生北路一段568號,"1. 協助工程師進行產品開發和測試
2. 協助製程相關事宜
3. 技術文件、SOP撰寫
4. 收集和分析產品性能數據
5. 主管交辦工作處理",不拘,不拘,不拘,"1. 潔淨室環境，需著全套無塵服。
2. 因應產能需求能夠配合加班且能彈性配合必要之班別輪調。
3. 學習能力強、反應快
4. 基礎電腦軟件處理使用熟練 (Word, Excel, PowerPoint)",https://www.104.com.tw/job/8budv?jobsource=index_s
【學生實習專案】2024實習生Intern招募 - 產品部門 助理工程師,輝能科技股份有限公司,助理工程師、其他特殊工程師、實驗化驗人員,32000,桃園市中壢區自強七路6-1號,"【輝能科技】2024年度實習計畫 招募中
學年度實習計畫，讓您在畢業後與產業接軌，實習期間表現優異者，畢業後可申請兵役留停，並獲得轉正機會 !

【實習資訊】
1. 實習職缺 : 產品/資訊/製程 助理工程師
2. 實習時間 : 至少半學年以上；每週工作4天。
3. 實習對象 : 大三、大四、碩士 在學學生

【工作內容】
產品部門 : 
1. 執行產品開發實驗
2. 進行產品數據整理
3. 主管交辦工作","[{'Language': '英文', 'Listen': '中等', 'Speak': '中等', 'Read': '中等', 'Write': '中等'}]",不拘,不拘,"1.歡迎大三(含)以上、碩士在學學生提出申請，非在學學生請勿投遞
2.請於自傳說明可配合的實習時間（實習期間最少需持續6個月(含)以上；每週工作至少3天(含)以上）
3.面試時須準備前兩學期成績單正本
4.實習薪資因實習天數及學歷核定
5.實習期間如有住宿需求，請先自行安排
6.實習期間表現優秀者，於實習結束時有轉正機會",https://www.104.com.tw/job/8bz9p?jobsource=index_s
專案經理 | FB04010263,104獵才顧問_一零四資訊科技股份有限公司,數據分析師,40000,桃園市蘆竹區,"數據分析、資料庫、系統分析、統計
• 項目規劃：制定詳細的項目執行計劃，包括時間線、資源分配、和預算管理。
• 團隊領導：領導和管理跨職能的項目團隊，包括工程師、技術員、承包商和其他專業人員。 
• 溝通協調：作為客戶與團隊之間的主要聯絡點，確保所有團隊成員了解項目目標和進度，並與客戶保持定期溝通，報告項目進展。 
• 質量監控：監督工程質量，確保所有施工滿足行業標準和客戶規範。 
• 風險管理：識別項目潛在風險，制定風險緩解策略，確保項目順利進行。 
• 財務管理：控制項目成本，確保項目在預算內完成，並進行必要的成本效益分析。 
• 合規和安全：確保所有項目活動符合當地法律和行業安全標準。",不拘,不拘,不拘,"• 教育背景：擁有土木工程、機械工程或相關領域的學士或碩士學位。 
• 專業認證：持有PMP（項目管理專業人士）、CAPM（認證副項目經理）、ITIL或相關領域的專業認證。
經驗：
至少5-10年的項目管理經驗，尤其是在資訊基礎設施、數據中心建設或相關工程項目中。",https://www.104.com.tw/job/8bbd6?jobsource=index_s
【正職任用】製程技術師 (S3廠),欣興電子股份有限公司,PCB技術人員、品管／檢驗人員、作業員／包裝員,40500,桃園市龜山區山鶯路177號,"1. 製程設備稽核及異常追蹤
2. 協助製程工程師
3. 切片分析
4. 數據整理分析
5. 完成主管交辦事項



======================
★工作時間為作四休二，12小時制。
☆細心度高，且喜歡與人溝通。
★肯吃苦耐勞可配合加班者。
☆需基本電腦操作","[{'Language': '英文', 'Listen': '略懂', 'Speak': '略懂', 'Read': '略懂', 'Write': '略懂'}]",Excel、Outlook、PowerPoint、Word,不拘,"1.有PCB製程相關或電機相關知識者佳
2.需願意學習且積極主動者",https://www.104.com.tw/job/76rxh?jobsource=index_s
2024中華汽車暑期實習【電機電子類】（實習期間兩個月）,中華汽車工業股份有限公司楊梅廠,工讀生,27470,桃園市楊梅區秀才里秀才路618號,"2024 年中華汽車暑期實習開跑囉~
實習期間為7/1~8/31 08:00~17:00 週一到週五

協助組內工程師工作推動，包含：
1.電機零件特性與電性量測
2.數據紀錄分析
3.零件架構分析
4.電動車發展相關資料收集彙整等。",不拘,Excel、PowerPoint、Word,不拘, ,https://www.104.com.tw/job/7wwne?jobsource=index_s
QA - Operation Process Engineer,瑞健股份有限公司,ISO／品保人員、品管／品保工程師,40000,桃園市蘆竹區六福路36號,"About the job
SHL Medical AG is a world-leading solution provider in the design, development and manufacturing of advanced drug delivery systems with more than 5000 employees worldwide. Our customers include top pharmaceutical and biotech companies from around the globe that require innovative devices such as auto injectors or pen injectors to effectively deliver their drugs. Headquartered in Switzerland since late 2018.
Taiwan has been SHL’s starting ground in our bid for global mobility in the fields of drug delivery and medical technology. Our ambitious people who come from various cultures share the same aspiration – ensuring the right drug device for the delivery of modern precision medicine.

SHL Medical 是一家全球領先的解決方案提供商，專門設計、開發和製造先進的藥物遞送系統，全球員工超過5000人。我們的客戶包括來自世界各地的頂尖製藥和生物技術公司，需要創新的設備，如自動注射器或筆形注射器，以有效遞送他們的藥物。我們自2018年底以來一直總部位於瑞士。
台灣一直是SHL在藥物遞送和醫療技術領域全球移動的起點。我們來自不同文化背景的雄心勃勃的人們分享著相同的志向-確保適合現代精準醫學遞送的正確藥物裝置。

Job Overview
The engineer will work with Quality Assurance to assist the compliance activities of developing and manufacturing processes. Complete duties assigned by supervisor, such as handling records/ documents, training new staffs, implementing quality control standard, and adhering to legislation requirements. 
工程師為品質保證部門中的一員，協助開發和製造過程的合規活動。完成主管分配的職責，如處理記錄/文件、培訓新員工、實施質量控制標準，並遵守法律要求。
Main Responsibilities
• Data collection and analysis. 
• Review data, validation protocols/documents, manufacturing records, specifications, and manufacturing documents for compliance. 
• Develop and maintain standard for inspection. 
• Create/ Maintain SOPs as needed. 
• Follow GMP guidance and adhere to SOPs and GMP requirements. 
• 數據的收集以及分析
• 檢查數據、驗證協議/文件、製造記錄、規格和製造文件是否符合標準。
• 根據需要支持流程優化。 
• 根據需要創建/維護SOP。 
• 遵循GMP指南，遵守SOP和GMP要求。
Required Skills & Qualifications
• Ability to communicate appropriately and accurately both orally and in writing the progress of assignments 
• Able to work on documentation processing & data reviewing.
• Proactive, eager to learn new things, good communication.
• Proficiency in Microsoft Office Programs 
• Has experience in a regulated environment (GMP) is preferred.
• Has experience in Quality Assurance is preferred. 
• 能夠適當且準確地口頭和書面溝通。 
• 能夠進行文件處理和數據審查工作。 
• 主動積極，樂於學習新知識，良好的溝通能力。 
• 熟練使用Microsoft Office程序。 
• 有受管制環境（GMP）經驗者優先考慮。 
• 有品質保證經驗者優先考慮。
We offer
• An exciting opportunity in a fast-growing international medical device company 
• A modern working environment, with multicultural and dynamic teams
• Flexible working hours and a hybrid remote work policy
• 在快速成長的國際醫療器械公司中的激動人心的機會 
• 現代化的工作環境，多元化和充滿活力的團隊 
• 彈性的工作時間和混合式遠程工作政策","[{'Language': '英文', 'Listen': '中等', 'Speak': '中等', 'Read': '中等', 'Write': '中等'}]",不拘,不拘, ,https://www.104.com.tw/job/8cota?jobsource=index_s
研發部-博士級生物資訊工程師,芯元生醫股份有限公司,生物科技研發人員、生物學研究員、軟體工程師,70000,桃園市龜山區工作地點於長庚大學,"職位名稱：博士級生物資訊工程師

工作要求：
   1. 適體結構建模與NGS資料處理、QC、分析並進行流程整合
   2. 協助並執行研發相關之生資工具操作及分析
   3. 演算法開發
  4. 良好的溝通能力，並能清晰傳達數據分析結果
  5. 執行主管交辦的其他工作任務。

個性特質：
   1. 主動積極、認真負責。
   2. 具有良好的團隊合作和溝通協調能力。

經驗要求：
   1. 修過分子生物課程相關經驗者為佳。
   2. 生物醫學相關科系背景者優先考慮。

 芯元生醫正在尋找在適體工程相關領域具有研究經驗，並且熱愛研究的科學家加入我們的團隊。我們歡迎任何對此領域充滿熱情且具有相關經驗的人加入。","[{'Language': '英文', 'Listen': '中等', 'Speak': '中等', 'Read': '中等', 'Write': '中等'}]",Python、R,系統架構規劃、系統整合分析、資料庫軟體應用,"1. 精通生物資訊學工具和軟體，
2. 具有分子建模和NGS技術方面的實際工作經驗者優先考慮。
3. 具備R語言和Python程式設計能力，有前後端相關開發經驗者優先。
4. 擅長Docker。",https://www.104.com.tw/job/8byy6?jobsource=index_s
技術研發課工程師,盧森堡商濂達科技股份有限公司台灣分公司,生產技術／製程工程師,42500,桃園市楊梅區幼獅工業區高青路28巷3號,"濂達科技隸屬於美國上市公司Enpro集團(https://www.enproindustries.com)旗下，主要營業項目為先進製程半導體設備零件清洗，並擁有自己的實驗室。除台灣廠區外，並陸續於美國設置新廠，版圖拓展全球。

公司營業成長，新增【技術研發課工程師】職缺，需要優秀的人才加入與我們一同成長，共創佳績。職務說明如下：

1.清洗首件進廠零件、檢查/判斷零件狀態。
2.彙整初步數據及製作量測數據報表。
3. 操作量測儀器。
4.訓練PD人員、將成熟穩定製程量產。
5.跨部門合作。
6.支援美國廠相關專案與事務。
7.其他主管交辦事項。","[{'Language': '英文', 'Listen': '略懂', 'Speak': '略懂', 'Read': '略懂', 'Write': '略懂'}]",Excel、Outlook、PowerPoint、Word,不拘,熟悉半導體設備清洗相關經驗,https://www.104.com.tw/job/7mlsx?jobsource=index_s
品質系統管理部-電子件VQA (SQE)工程師(桃園廠),微星科技股份有限公司,品管／品保工程師,48000,桃園市桃園區興華路23號,"負責供應商電子件管理品質工程師

1. 依據所負責電子件的品質管控重點，制定相對應的SIP/MSOP並指導機構件進料檢驗員，相關檢驗重點要求
2. 新供應商評估/舊供應商品質稽核與輔導
3. NPI階段Key parts物料相關管制點建立
4. 製程/客戶端異常反饋供應商執行改善對策及追蹤考核
5. 經由數據收集跟分析，當品質不良率逐漸上升，需即時採取改善對策，持續提升品質
6. 供應商品質改善專案","[{'Language': '英文', 'Listen': '中等', 'Speak': '中等', 'Read': '中等', 'Write': '中等'}]",Excel、Outlook、PowerPoint、Word,不拘,"1. 具ISO 9001內/外部稽核員、TS16949內/外部稽核員證照
2. 供應商品質管理相關經驗達5年以上經歷
3. 熟稔PCB or Power supply製程工藝並熟悉PCB製程 (PCBA SMT> DIP> Test process)
4. 具線路圖判讀與操作電表能力
5. 熟稔伺服器、儲存設備者或具有半導體經驗者尤佳
6. 可配合產線工作加班",https://www.104.com.tw/job/6tq7g?jobsource=index_s
品質系統管理部-機構件VQA (SQE)工程師(桃園廠),微星科技股份有限公司,品管／品保工程師,48000,桃園市桃園區興華路23號,"負責供應商機構件管理品質工程師

1. 依據所負責機構零組件的品質管控重點，制定相對應的SIP/MSOP並指導機構件進料檢驗員，相關檢驗重點要求
2.新供應商評估/舊供應商品質稽核與輔導
3. NPI階段Key parts物料及相關模具管制點建立
4. 製程/客戶端異常反饋供應商執行改善對策及追蹤考核
5. 經由數據收集跟分析，當品質不良率逐漸上升，需即時採取改善對策，持續提升品質
6. 供應商品質改善專案",不拘,Excel、Outlook、Word,不拘,"1. 具ISO 9001內/外部稽核員、TS16949內/外部稽核員證照
2. 供應商品質管理相關經驗達5年以上經歷
3. 熟悉塑膠模具、五金相關製程工藝
4. 具車用零組件、伺服器、儲存設備知識尤佳
5. 可配合產線工作加班",https://www.104.com.tw/job/6rywf?jobsource=index_s
【儲能材料】製程助理工程師 (桃科廠),碩禾電子材料股份有限公司,生產技術／製程工程師、工業工程師／生產線規劃、助理工程師,34000,桃園市觀音區白玉三路789號,"[工作樣貌]
協助工程師進行製程改善及設備優化的重要角色。
>協助生產作業，確保生產進度符合要求。
>收集製程相關數據，提供數據支持，協助製程參數改進和優化。
>協助設備故障排除，找出可能出現的問題並提出解決方案，排解異常問題。

[團隊成員]
-互相協助、不計較，友善的工作環境!!
-抗壓性高、工作負責，積極應對問題!!

[職缺條件]
-主動學習，對新知識和技能有積極的學習行動。
-具高分子合成、化學、化工背景者尤佳。

~享久任獎金，共計21,000元!!!~
①到職滿三個月(通過試用期)3,000元
②到職滿六個月6,000元
③到職滿一年12,000元","[{'Language': '英文', 'Listen': '略懂', 'Speak': '略懂', 'Read': '略懂', 'Write': '略懂'}]",不拘,不拘,未填寫,https://www.104.com.tw/job/7fc48?jobsource=index_s
QA - Change Control Process Engineer,瑞健股份有限公司,文件管理師、品管／品保工程師、系統工程師,40000,桃園市蘆竹區六福路36號,"SHL Medical AG is a world-leading solution provider in the design, development and manufacturing of advanced drug delivery systems with more than 5000 employees worldwide. Our customers include top pharmaceutical and biotech companies from around the globe that require innovative devices such as auto injectors or pen injectors to effectively deliver their drugs. Headquartered in Switzerland since late 2018.

Taiwan has been SHL’s starting ground in our bid for global mobility in the fields of drug delivery and medical technology. Our ambitious people who come from various cultures share the same aspiration – ensuring the right drug device for the delivery of modern precision medicine.

【Job Overview】
The Change Control Process Engineer is responsible for developing, implementing, and maintaining change control processes within the Product Lifecycle Management (PLM) system. Need to collaborate closely with cross-functional teams to ensure proper management of changes throughout the product design and development process, ensuring product quality, compliance, and efficiency. 變更管制流程工程師負責開發、實施和維護變更管制流程。需要與跨部門團隊密切合作，確保產品設計和開發過程中的變更得到妥善管理，以確保產品質量、合規性和效率。

【Main Responsibilities】
1. Design and establish product change control processes, including steps for change request, review, approval, implementation, and verification. 
2. Collaborate with relevant departments to understand and gather change requirements, integrating them into the change control process. 
3. Review and analyze change requests to ensure compliance with company policies and procedures, and assess their impact on product performance, cost, and schedule. 
4. Coordinate cross-functional teams to ensure changes are implemented on schedule at each stage and receive appropriate approval. 
5. Oversee and manage the implementation of the change control system, including management of relevant software tools and databases. 
6. Provide relevant training and support to ensure personnel understand and adhere to the change control process. 
7. Regularly review and improve the change control process to address new requirements and continuous improvement needs. 
8. Monitor and report performance indicators of the change control process, and provide improvement suggestions. 
9. Other assignments assigned by supervisor 

1. 設計和制定產品變更管制流程，包括變更申請、檢視、批准、實施和驗收等步驟。 
2. 與相關部門合作，了解並收集變更需求，並將其整合到變更管制流程中。 
3. 檢視和分析變更申請，確保其符合公司政策和程序，並評估其對產品性能、成本和時間表的影響。 
4. 協調跨功能團隊，以確保變更在各階段按時實施並得到適當的批准。 
5. 監督和管理變更管制系統的實施，包括相關軟件工具和數據庫的管理。 
6. 提供相關培訓和支持，以確保相關人員理解和遵循變更管制流程。 
7. 定期審核和改進變更管制流程，以應對新需求和持續改進的要求。 
8. 監測和報告變更管制流程的績效指標，並提出改進建議。 
9. 其他主管交辦事項",不拘,不拘,不拘, ,https://www.104.com.tw/job/8a5n4?jobsource=index_s
QA - RCA Engineer 根本原因分析工程師,瑞健股份有限公司,品管／品保工程師、ISO／品保人員,40000,桃園市蘆竹區六福路36號,"SHL Medical AG is a world-leading solution provider in the design, development and manufacturing of advanced drug delivery systems with more than 5000 employees worldwide. Our customers include top pharmaceutical and biotech companies from around the globe that require innovative devices such as auto injectors or pen injectors to effectively deliver their drugs. Headquartered in Switzerland since late 2018.

Taiwan has been SHL’s starting ground in our bid for global mobility in the fields of drug delivery and medical technology. Our ambitious people who come from various cultures share the same aspiration – ensuring the right drug device for the delivery of modern precision medicine.

【Job Overview】
This position is to provide quality oversight to assure design, development, manufacturing and post-market of SHL product are compliant to applicable regulations, standards, and SOPs. QA engineer ensures the delivery of high quality product which meet the regulatory requirements and customer expectations.
這個職位的目的是進行品質把關，以確保SHL產品的設計、開發、製造和售後市場符合相關法規、標準和標準操作程序。品質保證工程師確保交付符合法規要求和客戶期望的高品質產品。

【Main Responsibilities】
· Develop and deliver training programs on RCA methodologies, tools, and best practices. 
· Conduct workshops, seminars, and hands-on training sessions to enhance the RCA skills of investigation Plan owners. 
· Provide coaching and mentorship to individuals or teams to improve their RCA capabilities. 
· Monitor the performance of RCA investigations across various projects or departments. 
· Analyze investigation outcomes and identify areas for improvement. 
· Implement KPIs to measure the effectiveness and efficiency of RCA processes. 
· Continuously evaluate and refine RCA processes and methodologies to ensure effectiveness and efficiency. 
· Collaborate with cross-functional teams to implement process improvements and standardize RCA practices across the organization. 
· Stay updated on industry trends, emerging technologies, and best practices related to RCA.  
· Foster a culture of collaboration and knowledge sharing among team members involved in RCA. 
· Collaborate with various departments to gather relevant data and insights for RCA investigations. 
· Communicate findings, recommendations, and action plans to stakeholders iin a clear and concise manner. 
1. 制定並提供有關 RCA 方法、工具和最佳實踐的培訓計劃。 
2. 舉辦工作坊、研討會和實踐培訓課程，以提高調查計畫負責人的 RCA 技能。 
3. 為個人或團隊提供輔導和指導，以提高他們的 RCA 能力。 
4. 監控各個專案或部門的 RCA 調查績效。 
5. 分析調查結果並確定需要改進的領域。 
6. 實施KPI 來衡量 RCA 流程的有效性和效率。 
7. 持續評估和完善 RCA 流程和方法，以確保有效性和效率。 
8. 與跨職能團隊合作，實施流程改善並標準化整個組織的 RCA 實踐。 
9. 隨時了解與 RCA 相關的行業趨勢、新興技術和最佳實踐。
10. 在參與 RCA 的團隊成員之間培養協作和知識共享的文化。 
11. 與各部門合作，收集 RCA 調查的相關數據和見解。 
12. 以清晰簡潔的方式向利害關係人傳達調查結果、建議和行動計劃。","[{'Language': '英文', 'Listen': '中等', 'Speak': '中等', 'Read': '中等', 'Write': '略懂'}, {'Language': '中文', 'Listen': '中等', 'Speak': '中等', 'Read': '中等', 'Write': '中等'}]",6 Sigma,原料及產品品質管制監控、工程管理-品質管理, ,https://www.104.com.tw/job/8bcvb?jobsource=index_s
"系統維護工程師 Engineer, Central Maintenance",新加坡商巴克斯環保科技有限公司台灣分公司,機電技師／工程師、機械工程師、空調冷凍技術人員,60000,桃園市龜山區,"系統維護資深工程師

主要職責

維護和監控客戶端整體系統
- 負責系統和問題的技術支援，確保中央維護站點的性能在整個合約期間得到維持。
- 整理和評估與資產績效相關的統計數據
- 支持數據分析團隊不斷改進數據收集、分析和報告的自動化，包括故障檢測和根本原因辨識

管理對緊急情況的反應：
- 迅速反應緊急情況和恢復系統正常運作
- 評估並快速解決關鍵的現場功能問題
- 現場檢視診斷 BBP 運轉問題，並為無法即刻處理的複雜案例制定解決計劃
- 審查並批准主要設備和系統故障的建議維護
- 檢查效率偏差並確定問題的根本原因，並根據需要上報給工程或效率團隊

監督維護工作
- 負責規劃HVAC系統（冰水機組、AHU和製冷設備）的正確、預防和預測性維護活動，以確保BBP設備和客戶端系統功能齊全並處於最佳運行狀態，從而維持BBP節能成效
- 優化設備和系統的檢查、測試、維修和預測性維護的維護計劃和時間表，以最大限度地減少停機時間和成本
- 提供設備和系統維護的技術指導
- 批准資源需求，以實現符合 BBP 預期的營運狀態。
- 推動內部和包商遵守健康與安全標準和實踐

支援客服/業務開發團隊創造更多商機
- 促進與客戶團隊的密切合作，以確保客戶績效和滿意度
- 建議客戶團隊在技術和程序上糾正能源低效使用，並提供數據論證支持
- 在定期或臨時維護期間，識別客戶現場HVAC系統的潛在追加銷售機會


Main Responsibilities

Maintain and monitor complex clients’ systems
- Responsible for technical support for complex systems and problems, ensuring the performance of the CM (Central Maintenance) sites is maintained throughout the course of the contract.
- Collate and evaluate statistical data related to the performance of the assets
- Support Data analytics team with ongoing improvement on automation of data gathering, analysis, and reporting, including fault detection and root cause identification

Manage responses to emergency situations:
- Facilitate responses to emergency situations and recovery activities
- Evaluate and provide fast resolution to critical field performance issues
- Visit sites to diagnose BBP operational issues and develop resolution plans for complex cases that cannot be easily resolved
- Review and approve recommended repair work for major equipment and system failures.
- Check performance deviations and define the root cause for any performance issues and escalate to either the Engineering or Performance team, as needed.
Provide oversight on maintenance work
- Responsible for the planning of corrective, preventive, and predictive maintenance activities of HVAC System (Chiller plant, AHU, and Refrigeration equipment) to ensure BBP equipment and client systems are fully functional and in optimal operating condition, preserving BBP energy savings.
- Optimise maintenance plans and schedules for inspection, testing, repair, and predictive maintenance of equipment and systems to minimize downtime and costs.
- Provide technical guidance on equipment and systems maintenance
- Endorse resourcing requirements to achieve an operational state in accordance with BBP expectations.
- Drive internal and subcontractor compliance with the health & safety standards and practices

Support Customer Support/Business Development teams in creating further business opportunities
- Foster close collaboration with the Customer support team to ensure client performance and satisfaction.
- Advise customer support team to correct inefficient uses of energy, both technically and procedurally, and to support with data justification.
- Identify potential upselling opportunities from the HVAC system at the client site during regular or ad-hoc maintenance.",不拘,不拘,負責空調和機電設備系統異常處理,未填寫,https://www.104.com.tw/job/8c6m7?jobsource=index_s
【Facility】廠務值班工程師,宏碁雲架構服務股份有限公司,廠務、水電工程師、空調冷凍技術人員,35000,桃園市龍潭區,"宏碁雲架構服務股份有限公司主要提供企業專業的電子化資訊管理服務，除已整合機房、系統、網路、資安之維運管理能力外，隨著雲端服務隨取即用的需求及巨量資料各種應用的崛起，宏碁雲架構也持續自行開發了各種服務解決方案，主要業務範疇包含機房建置與實體設施維運、災難備援、雲端及大數據等服務。
因應業務成長需求，規劃聘僱人員工作職務如下：
1. 廠務(電力、空調)工程師，平時工作負責Data Center機房的電力、空調、消防、BMS監控、巡檢、抄表及各設備異常狀況處理。
2. 需輪班，四班二輪。",不拘,不拘,不拘,"1. 電機/電子或空調相關科系大學畢業，無經驗可。
2. 非相關科系需2年以上的電機/電力、空調相關工作經驗。

Preferred:
1. 具電機或空調相關認證者佳。",https://www.104.com.tw/job/7zehz?jobsource=index_s
駐點線路工程師(中壢),陞陽科技事業股份有限公司,電信／通訊系統工程師、通信測試維修人員、電信及電力線路架設工,37000,桃園市中壢區,"1.本職缺須 5*8 駐點於中央大學
2.本職缺負責單位所有分機、專線以及數據線路維護
3.更新總配線架(MDF)線路端位置表等相關資料電子檔
4.線路查修及跳線
5.按鍵式電話等簡易系統查修
6.客戶資料文書作業處理等工作
7.前期由資深工程師帶領，待具備獨立作業能力後改為彈性支援
8.工作內容簡易，無須常駐於電信機房",不拘,不拘,電信線路工程架設、纜線障礙查測、網路配線工具使用、網路架設佈線,具備線路工程相關經驗者優先錄取,https://www.104.com.tw/job/86ebk?jobsource=index_s
研發助理工程師(楊梅研發辦公室),立淵機械股份有限公司,助理工程師、機械工程師、機械設計工程師,35000,桃園市楊梅區秀才路,"#保障年薪13個月 另有三節獎金#
立淵楊梅研發辦公室~我們是獨立於母廠的研發小組
負責電動車整車設計及相關動力模組開發
目前小組成員6人，成立兩年內已成功開發2項產品，並準備導入量產及法規驗證
研發每天都面對不同的燒腦問題及挑戰，絕對不是一份輕鬆的工作
辦公室負責人本身是個工作狂，為了不要大家持續爆肝，團隊持續擴展中

本職務將負責電動車及相關系統開發並導入量產
團隊小而精鍊，Buddy制度帶領新人熟悉公司及工作內容
幫助大家更快的適應工作，並融入團隊同心完成任務

主要工作項目：
☆協助工程師建立組裝SOP及相關文書作業
☆協助樣機的組裝、測試、實驗數據收集
☆協助3D及2D繪圖、逆向工程

如果你喜歡自我挑戰、不喜歡一成不變的工作，即使無相關經驗、只要對於電動車充滿興趣，喜歡實際動手操作，都非常歡迎加入我們的新創研發團隊
團隊成員每年薪資皆依照表現調升，如產品導入量產販售後，則有量產獎金分潤",不拘,AutoCAD、SolidWorks,產品機構設計、新產品研發與測試、機械相關圖表繪製、機械產品設計,未填寫,https://www.104.com.tw/job/7dany?jobsource=index_s
SEO 搜尋引擎優化工程師,星客資訊設計工作室,網站行銷企劃、其他資訊專業人員、網路管理工程師,52500,桃園市平鎮區環南路二段265號,"作為SEO搜尋引擎優化工程師，您將負責提升網站在搜索引擎中的排名，通過分析和優化網站內容及結構，增加網站的可見性和流量。這包括網站的技術SEO、內容創作和優化、關鍵字策略制定以及外鏈建設等。此職位要求深入理解Google的搜索引擎更新規則、算法變化，並能應用最佳實踐來提升網站性能。

主要職責：

使用Google Analytics等工具進行網站流量分析，監控日均IP、關鍵字排名、訪問關鍵字、訪問URL等關鍵指標。
與網站工程團隊合作，通過SEO策略提高自然流量和搜索排名，包括站內外優化和關鍵字優化。
跟蹤和分析競爭者動向，制定相應的SEO和內容策略以突出競爭優勢。

負責網站外鏈推廣和內容發布，提升網站的外部鏈接質量和可見度。
維護和優化WordPress網站，包括前後端功能、整體動線以及定期更新內容。
必備技能與經驗：

精通SEO工具（如Semrush, Ahrefs）。
熟練使用Google Analytics和Google Search Console，了解搜索引擎排名算法。
熟悉WordPress架構，SEO優化網站，增加關鍵字及排行。
三年以上SEO優化經驗，具備跨部門溝通能力和獨立解決問題的能力。
熟悉HTML，略懂Google Adwords、Bing Ads、CSS、JS等前端技術。

加分條件：
實際操作過Google Analytics、Google Search Console、Data Studio等工具。
具備團隊合作和跨部門溝通的經驗，尤其是在數據分析、廣告和SEO等不同領域的協作經驗。

內容與優化策略：

提高網站內關鍵字數量和質量，執行基於分析結果的SEO營銷方案。
定制SEO關鍵字營銷方案，分析和優化網站SEO數據。
持續與客戶溝通，根據反饋調整關鍵字營銷內容和策略。

目標是針對GOOGLE關鍵字能在排行上得到前兩頁的成績",不拘,不拘,不拘,未填寫,https://www.104.com.tw/job/8amp2?jobsource=index_s
【TL-25】雲端DevOps研發,中華電信股份有限公司,軟體工程師、Internet程式設計師,40000,桃園市楊梅區電研路99號,"■ 學歷：國內外大學與研究所電機、電信、網路、通訊、資工、資科、資管、計算機等相關科系碩士畢業。
■ 工作內容：
1. SRE/DevOps 工程師，負責雲端基礎架構、作業系統、雲平台/雲管之程式自動部署、以及雲相關服務監控的所有工作。
2. SRE/DevOps 工程師，確保雲端平台與雲管系統正常且高效運行。

■ 所需專長與工作經驗：
1. 熟悉Linux/Windows作業系統、OpenStack、Docker、實體主機雲化建置與維運。
2. 具備撰寫自動化 Scripts (Python/Bash/Powershell)與導入執行CI/CD相關作業技術與程序(Jenkins)經驗。
3. 熟悉CI/CD軟體開發自動化流程工具(如Ansible、Azure DevOps尤佳)。
4. 具備Docker 或 Kubernetes 使用經驗與虛擬化技術相關知識為佳。
5. 具備下列經驗或能力尤佳：
(1) 熟悉資料庫技術與管理經驗。
(2) 熟悉ELK/EFK數據收集工具之使用及開發經驗。
(3) 具備資訊系統故障排除、根本分析和解決問題等經驗尤佳。
(4) 具備有CKA/CKAD或三大公雲證照為佳。

■ 具備良好溝通協調能力與團隊合作特質。
■ 報名網址：https://rmis.cht.com.tw/portal/hroms/prelogin.jsp",不拘,Linux、Java、Python、Spring、AWS,系統架構規劃、軟體工程系統開發、軟體程式設計、網路程式設計、資料庫程式設計,未填寫,https://www.104.com.tw/job/7txz8?jobsource=index_s
【先進模組開發部】熱流工程師,輝能科技股份有限公司,機構工程師、機械工程師、熱傳工程師,40000,桃園市中壢區自強七路6-1號,"1. 負責MAB鋰電池模組與電池包之氣冷/液冷所需熱流CAE模擬分析，並進行修改設計與優化
2. 負責其他鋰電池模組與電池包產品開發過程中所需之熱流CAE模擬分析
3. 散熱工程研究
4. 發展建構鋰電池模組與電池包之熱流模擬分析模型技術
5. 依據CAE模擬數據與實際實驗測試結果比對，修正鋰電池模組與電池包之散熱設計
6 .協助新進熱流模擬工程師模擬設定及檢討模擬問題對策
7. 專案時程進度掌控
8. 跨部門溝通協調","[{'Language': '英文', 'Listen': '中等', 'Speak': '中等', 'Read': '中等', 'Write': '中等'}]",不拘,不拘,"1. 孰悉Solidworks繪圖軟體；熱流分析軟體Siemens Star-CCM+  或 ANSYS FLUENT
2. 孰悉鋰電池及車用電池模組相關產品熱流分析或散熱設計經驗
3. 具有CAE模擬相關技術發展規劃與執行經驗者",https://www.104.com.tw/job/6wqyf?jobsource=index_s
【2024研發替代役暨預聘】電子設計資深工程師_資通訊電源方案事業部(中壢),台達電子工業股份有限公司 _DELTA ELECTRONICS INC.,電源工程師、電子工程師,40000,桃園市中壢區東園路16號,"按讚並追蹤""台達Delta Career""FB粉絲專頁，讓您更快掌握台達職缺脈動！
https://www.facebook.com/deltacareer

想知道電子設計工程師的一天嗎?
給我三分鐘，讓你一窺台達EE的一天
影片傳送門在此:：
https://www.youtube.com/watch?v=b33Lrotur1w

工作內容：
1.電子電路設計、試作與測試評估
2.執行並協助新技術/新資訊引進與構思
3.協助問題分析與追蹤、工程樣品製作與工程/設計變更評估
4.執行專案進度管理

產品應用：
1. 資料中心電源開發 (High efficiency 5KW PSU design)
2. 鋰電池電池管理 (3KW BBU & BMS design)
3. 智能型配電單元開發 (50A 3 phase rPDU meter and switch control)
4. 數據資料中心(data center)","[{'Language': '英文', 'Listen': '中等', 'Speak': '中等', 'Read': '中等', 'Write': '中等'}]",不拘,不拘,"具備技能與條件：
1. 電源相關產品開發設計、實作經驗(Topology)
2. 電力電子相關碩士、博士",https://www.104.com.tw/job/83t8m?jobsource=index_s
營造工程師.監工.工務,廣峰營造有限公司,工地監工／主任、營造工程師、營建主管,38000,桃園市八德區瑞祥里介壽路二段1233巷115弄6衖25號,"工地監工／主任

1. 指揮並監督工人，以控制工程的執行進度與施工品質。
2. 計劃、組織及指揮有關建造的活動與維護結構、設施與系統。
3. 與所有人、承包商及設計師共同商量，討論及解決如工作程序、抗議和建築問題等事務。
4. 審查與檢閱專案的規劃，以監控是否遵守建築、安全法規和其他章程。
5. 預先檢查分包廠商施工前之準備工作。
6. 確實填寫監工日報表，以留下詳實工程進行的記錄資料。
7. 進行進場材料品質之點收、存放、使用查驗及結算。
8. 依據施工狀況向分包廠商協商提出各項建議（如：施工方式之改進、施工程序之變更、施工機具之增減、施工人員數量及素質之改善、進場材料品質之改善、工地環境之清潔衛生、施工過程之安全措施等）。
9. 視狀況採取各項措施，以因應分包廠商之不良行為（不接受建議或不履行應辦事項），如：將不合格材料運離現場、撤換不合標準施工人員、重作施工不良之半成品、勒令暫時停工、更換施工廠商、中止分包合約等。
10. 代表設計公司向分包廠商解釋合約內圖樣及條文說明，共同取得合約共識。
11. 要求施工單位確實按圖施工以符合施工設計。
12. 進行各分包廠商完成工程之驗收與結算。



營造工程師

1. 負責接案工程發包及成本預算控制。
2. 負責分項工程現場指揮。
3. 負責分包商施工之監督與評估。
4. 依據施工圖進行工程檢討與審查。
5. 控管施工進度與品質。
6. 執行分項工程及安全衛生自主檢查。
7. 負責進場物料的驗收、檢驗與堆置管理。
8. 協調工程事務與勞務。
9. 製作、整理、保存施工紀錄與文件資料。



營建主管

1. 與業主、承包商和設計專家討論溝通，以解決工作時程、客戶抱怨和營建相關問題。
2. 計劃、組織、指揮與結構、設施、系統、營建或維護有關工作。
3. 控管工程進度、預算與時程。
4. 規劃人力需求與現場派工，並指揮、監督。
5. 監控安全監測數據系統以符合合約與現行規範。
6. 與建築師、顧問、下包商、供應商和客戶商討合約變更或新增修正版本等相關事宜。
7. 申請營建所需的許可證明與執照。",不拘,不拘,土木工程施工與監造、土木工程評價、基礎土木工程應用、工地行政相關報表製作、發包標單製作、工程放樣、表面修繕與塗裝工程、結構體工程執行、工程測量、高程測量、結構工程施工與監造、結構工程規劃與設計、工程估驗與計價、工程預算編製與控理、工程標單估算、土木建築工程圖判讀、工程圖識圖與繪圖、施工圖與裝配圖繪製、結構工程識圖與繪圖,未填寫,https://www.104.com.tw/job/79v6v?jobsource=index_s
技術員,普春環保工程股份有限公司,環境工程人員 / 工程師,33500,桃園市大園區航勤北路6號,"本職位負責控制操作與維護生產系統，執行定期巡視並記錄相關操作數據，進行系統樣品採樣與檢驗分析，設備保養維護作業執行，系統趨勢分析與異常處置及改善，並協助主管交辦事項。另外，也需要負責廢水處理設備操作、每日操作報表填寫、巡檢廢水各單元、化驗分析水質、設備維護及保養，以及汙泥脫水機操作等職責。

環境工程人員 / 工程師在現今社會具有相當重要的地位，因為他們負責保護並改善環境資源，讓人類和自然環境能夠和諧共處。隨著全球環境問題的日益嚴重，環境工程師的需求量也越來越大，這是一個充滿發展潛力的職業。
如果您想挑戰這個充滿發展潛力的職業，請即刻申請加入我們的團隊！",不拘,不拘,不拘,具備相關工程學科證照，2年以上相關工作經驗，具有環保法令，良好的問題解決與協調能力，細心謹慎的工作態度。,https://www.104.com.tw/job/80h8l?jobsource=index_s
